q_percentile,n,k,observed_overlap,min_overlap,max_overlap,expected_jaccard,observed_jaccard,min_jaccard,max_jaccard,observed_adjusted_jaccard,min_adjusted_jaccard,max_adjusted_jaccard,bounds_exact,tie_ambiguous,left_cutoff_score,left_next_score,left_absolute_gap,left_relative_gap,left_tie_block_size,left_optional_needed,right_cutoff_score,right_next_score,right_absolute_gap,right_relative_gap,right_tie_block_size,right_optional_needed,hypergeometric_pvalue,panel,metric
1.0,573,5,0,0,0,0.0048647682070274215,0.0,0.0,0.0,-0.004888549869008643,-0.004888549869008643,-0.004888549869008643,True,False,2.624089371648763,2.6176717085226713,0.0064176631260917105,0.0024456724665819505,1,1,10.306923916629591,9.487498485428075,0.8194254312015161,0.07950242359695925,1,1,1.0,P0,F1_Frobenius
2.0,573,11,0,0,0,0.010144239897062002,0.0,0.0,0.0,-0.010248200097362744,-0.010248200097362744,-0.010248200097362744,True,False,2.13450295542077,2.1242301942821546,0.010272761138615305,0.004812718161165655,1,1,5.024697607349122,4.935196506258564,0.08950110109055753,0.017812236294509193,1,1,1.0,P0,F1_Frobenius
3.0,573,17,0,0,0,0.015500234329753358,0.0,0.0,0.0,-0.015744274270294834,-0.015744274270294834,-0.015744274270294834,True,True,1.977782698832205,1.9294966446200417,0.048286054212163254,0.024414236326707722,1,1,3.625784985117016,3.625784985117016,0.0,0.0,2,1,1.0,P0,F1_Frobenius
4.0,573,22,0,0,0,0.02001050598232266,0.0,0.0,0.0,-0.020419102556176693,-0.020419102556176693,-0.020419102556176693,True,False,1.8067021173951172,1.7892297826159724,0.017472334779144783,0.009670844247604136,1,1,3.2775887401258843,3.206608604549001,0.0709801355768831,0.02165620558427868,1,1,1.0,P0,F1_Frobenius
5.0,573,28,1,1,1,0.025477572909264095,0.01818181818181818,0.01818181818181818,0.01818181818181818,-0.007486492382967622,-0.007486492382967622,-0.007486492382967622,True,False,1.701129467794853,1.684342580415279,0.01678688737957401,0.009868083351312812,1,1,3.0681348614589923,2.998063044167017,0.07007181729197542,0.022838571463137745,1,1,0.7625610938212595,P0,F1_Frobenius
6.0,573,34,1,1,1,0.031004428935034415,0.014925373134328358,0.014925373134328358,0.014925373134328358,-0.01659352868149286,-0.01659352868149286,-0.01659352868149286,True,False,1.6087599998756805,1.5586315947009415,0.050128405174739044,0.03115965413026977,1,1,2.8119752277358345,2.8039182871118045,0.008056940624030062,0.0028652246095771635,1,1,0.8828317987548299,P0,F1_Frobenius
7.0,573,40,4,4,4,0.03659167305736104,0.05263157894736842,0.05263157894736842,0.05263157894736842,0.016649125237384824,0.016649125237384824,0.016649125237384824,True,False,1.4714394183247912,1.4624740993945842,0.008965318930207022,0.006092890280466922,1,1,2.5135582642336205,2.4588038627755555,0.05475440145806498,0.021783621345558706,1,1,0.3021084629914409,P0,F1_Frobenius
8.0,573,45,6,6,6,0.041294420937402626,0.07142857142857142,0.07142857142857142,0.07142857142857142,0.031432121757999316,0.031432121757999316,0.031432121757999316,True,False,1.3518880704407448,1.3475251965733333,0.004362873867411521,0.0032272448901698864,1,1,2.3566253479711197,2.353854578515844,0.002770769455275879,0.0011757360828106625,1,1,0.1301014547021626,P0,F1_Frobenius
9.0,573,51,8,8,8,0.046994555952628414,0.0851063829787234,0.0851063829787234,0.0851063829787234,0.039991195500663414,0.039991195500663414,0.039991195500663414,True,False,1.28572,1.2784384477556985,0.007281552244301492,0.005663404352659594,1,1,2.2204930660103397,2.2031594968562898,0.017333569154049933,0.007806180266617063,1,1,0.07065424925003903,P0,F1_Frobenius
10.0,573,57,8,8,8,0.05275760760908707,0.07547169811320754,0.07547169811320754,0.07547169811320754,0.023979174376674968,0.023979174376674968,0.023979174376674968,True,False,1.2273428224420428,1.209310918746705,0.018031903695337803,0.014691823152931095,1,1,2.135776715133052,2.0395485808718754,0.09622813426117638,0.045055334473567236,1,1,0.19253854262356407,P0,F1_Frobenius
11.0,573,63,11,11,11,0.05858458404020633,0.09565217391304348,0.09565217391304348,0.09565217391304348,0.039374317909427824,0.039374317909427824,0.039374317909427824,True,False,1.1742509711301072,1.16775833373177,0.006492637398337164,0.005529173539527589,1,1,1.9122921472933971,1.9060731271386182,0.0062190201547789314,0.003252128689427059,1,1,0.0691668085593569,P0,F1_Frobenius
12.0,573,68,14,14,14,0.06348998130614933,0.11475409836065574,0.11475409836065574,0.11475409836065574,0.05473952870894474,0.05473952870894474,0.05473952870894474,True,False,1.143624358257553,1.1428172622952455,0.0008070959623074359,0.0007057351974709092,1,1,1.7836094910733626,1.7727628334208672,0.010846657652495484,0.006081296218023626,1,1,0.019621626725187958,P0,F1_Frobenius
13.0,573,74,18,18,18,0.06943688706444504,0.13846153846153847,0.13846153846153847,0.13846153846153847,0.07417514238163624,0.07417514238163624,0.07417514238163624,True,False,1.0392518467628529,1.0379012683776816,0.001350578385171275,0.0012995679433990591,1,1,1.7078243697757682,1.6899288183234202,0.017895551452348002,0.010478566630769902,1,1,0.0028712962228367458,P0,F1_Frobenius
14.0,573,80,21,21,21,0.07545075520425892,0.1510791366906475,0.1510791366906475,0.1510791366906475,0.08180027393034862,0.08180027393034862,0.08180027393034862,True,True,1.0051600371582627,0.9969341581568965,0.008225879001366287,0.008183651057817692,1,1,1.6646882327931554,1.6646882327931554,0.0,0.0,2,1,0.0011835785807384862,P0,F1_Frobenius
15.0,573,85,22,22,22,0.08051427689820931,0.14864864864864866,0.14864864864864866,0.14864864864864866,0.07410052167052147,0.07410052167052147,0.07410052167052147,True,False,0.9776941144857116,0.973109481867277,0.00458463261843467,0.004689230047013515,1,1,1.6128895486544221,1.6108077458063979,0.0020818028480242834,0.0012907287109405969,1,1,0.002673512516616943,P0,F1_Frobenius
16.0,573,91,26,26,26,0.08665385984471832,0.16666666666666666,0.16666666666666666,0.16666666666666666,0.08760403455402464,0.08760403455402464,0.08760403455402464,True,False,0.9556992408179469,0.9422269167774819,0.013472324040464945,0.014096824047840083,1,1,1.498568972757986,1.4965414385843103,0.002027534173675738,0.0013529802168159384,1,1,0.0005519807005161501,P0,F1_Frobenius
17.0,573,97,29,29,29,0.09286367473140028,0.17575757575757575,0.17575757575757575,0.17575757575757575,0.09137976147259994,0.09137976147259994,0.09137976147259994,True,False,0.9138592009713531,0.8890311024930455,0.02482809847830758,0.027168406743530583,1,1,1.4509366826295327,1.444049155984657,0.0068875266448755745,0.0047469519017144905,1,1,0.0003351403668804773,P0,F1_Frobenius
18.0,573,103,31,31,31,0.09914492971776269,0.17714285714285713,0.17714285714285713,0.17714285714285713,0.08658210404550172,0.08658210404550172,0.08658210404550172,True,False,0.8649525341890155,0.8604570097918895,0.004495524397125972,0.005197423233566222,1,1,1.4251376272486809,1.4137117474577328,0.011425879790948112,0.008017386933363414,1,1,0.0005896419299347943,P0,F1_Frobenius
19.0,573,108,36,36,36,0.10443477276239174,0.2,0.2,0.2,0.10670939908238894,0.10670939908238894,0.10670939908238894,True,False,0.8416792543481156,0.8410156332673014,0.0006636210808141918,0.0007884488983017281,1,1,1.3649599999982975,1.3552211771884315,0.009738822809866043,0.007134877805853791,1,1,4.189235129144599e-05,P0,F1_Frobenius
20.0,573,114,38,38,38,0.11085023542627534,0.2,0.2,0.2,0.10026405913346305,0.10026405913346305,0.10026405913346305,True,False,0.8248084911662827,0.8170794999876083,0.007728991178674427,0.009370649382798666,1,1,1.298136170322667,1.2962027969033223,0.0019333734193447416,0.00148934561993152,1,1,9.903853386067267e-05,P0,F1_Frobenius
21.0,573,120,38,38,38,0.11734072027853504,0.18811881188118812,0.18811881188118812,0.18811881188118812,0.08018733075008067,0.08018733075008067,0.08018733075008067,True,False,0.7897589215070635,0.7893175050637101,0.0004414164433533818,0.000558925554789613,1,1,1.2405299999935455,1.239659051917821,0.0008709480757245203,0.0007020773989577454,1,1,0.0012444872793296792,P0,F1_Frobenius
22.0,573,126,40,40,40,0.12390754979930439,0.18867924528301888,0.18867924528301888,0.18867924528301888,0.07393248905281237,0.07393248905281237,0.07393248905281237,True,False,0.7745751968014467,0.7690569755226202,0.005518221278826507,0.007124190526127883,1,1,1.2112698317448016,1.2088016108256006,0.0024682209192010696,0.002037713525520291,1,1,0.002564779035275853,P0,F1_Frobenius
23.0,573,131,43,43,43,0.12943920253995603,0.1963470319634703,0.1963470319634703,0.1963470319634703,0.0768560100784749,0.0768560100784749,0.0768560100784749,True,False,0.7507931010604719,0.7419014532941689,0.008891647766303024,0.011843006753450248,1,1,1.1703146636383852,1.1687168760083269,0.001597787630058356,0.0013652632746572638,1,1,0.001859573182548429,P0,F1_Frobenius
24.0,573,137,49,49,49,0.13614953768030674,0.21777777777777776,0.21777777777777776,0.21777777777777776,0.0944934842985152,0.0944934842985152,0.0944934842985152,True,False,0.7230773599000317,0.7156757304813403,0.007401629418691491,0.010236289820655975,1,1,1.1502114473000167,1.148614730185888,0.0015967171141286762,0.0013881944210143082,1,1,0.00021562509273936794,P0,F1_Frobenius
25.0,573,143,52,52,52,0.1429401392933665,0.2222222222222222,0.2222222222222222,0.2222222222222222,0.09250472057282998,0.09250472057282998,0.09250472057282998,True,False,0.6839201278658202,0.6811750032847653,0.002745124581054914,0.004013808731760978,1,1,1.117629216287761,1.1170724930295255,0.0005567232582355253,0.0004981287623141227,1,1,0.0002845818080401098,P0,F1_Frobenius
26.0,573,148,56,56,56,0.14866133274015444,0.23333333333333334,0.23333333333333334,0.23333333333333334,0.09945748249131894,0.09945748249131894,0.09945748249131894,True,False,0.6574194477652757,0.6548561083169341,0.0025633394483416394,0.0038990928197439804,1,1,1.0713769204401027,1.0708767443793443,0.0005001760607583616,0.00046685349592270306,1,1,0.00011530295886892613,P0,F1_Frobenius
27.0,573,154,62,62,62,0.15560287751019589,0.25203252032520324,0.25203252032520324,0.25203252032520324,0.11419939770835932,0.11419939770835932,0.11419939770835932,True,False,0.6285722551942617,0.6271794307851621,0.0013928244090996023,0.002215854100447285,1,1,1.05304245112491,1.049577057104432,0.003465394020477852,0.0032908398106609605,1,1,1.450771037152465e-05,P0,F1_Frobenius
28.0,573,160,66,66,66,0.16262888566726297,0.25984251968503935,0.25984251968503935,0.25984251968503935,0.11609384698592273,0.11609384698592273,0.11609384698592273,True,False,0.6148101153201694,0.6142382327729201,0.0005718825472492695,0.0009301775182268352,1,1,1.0184703131571007,1.01588778425572,0.002582528901380776,0.0025356938420476247,1,1,1.1297017257920164e-05,P0,F1_Frobenius
29.0,573,166,70,70,70,0.16974090852766702,0.26717557251908397,0.26717557251908397,0.26717557251908397,0.11735452823362887,0.11735452823362887,0.11735452823362887,True,False,0.6073081613151597,0.6058269617638357,0.001481199551324086,0.002438958745616831,1,1,1.001354446686379,1.0001855922249285,0.0011688544614505414,0.001167273451791664,1,1,9.714891687477384e-06,P0,F1_Frobenius
30.0,573,171,74,74,74,0.17573444559908336,0.27611940298507465,0.27611940298507465,0.27611940298507465,0.12178715566848107,0.12178715566848107,0.12178715566848107,True,False,0.6011537726738476,0.6008319964848743,0.0003217761889733328,0.0005352643593038059,1,1,0.9735835721703595,0.9629365683158991,0.01064700385446038,0.010935891030623663,1,1,5.110149877273816e-06,P0,F1_Frobenius
31.0,573,177,79,79,79,0.1830083192418814,0.2872727272727273,0.2872727272727273,0.2872727272727273,0.1276199139923859,0.1276199139923859,0.1276199139923859,True,False,0.58548,0.5846708690365888,0.0008091309634111754,0.0013819959066256327,1,1,0.9412164336644339,0.9281397622125652,0.013076671451868638,0.013893373494295345,1,1,2.14493430065993e-06,P0,F1_Frobenius
32.0,573,183,83,83,83,0.1903728151227539,0.29328621908127206,0.29328621908127206,0.29328621908127206,0.12711209045447464,0.12711209045447464,0.12711209045447464,True,False,0.5715270214084369,0.565176941850957,0.006350079557479904,0.011110724986950133,1,1,0.8884653169370188,0.8822783802746161,0.0061869366624026645,0.0069636220395548,1,1,2.464729161936949e-06,P0,F1_Frobenius
33.0,573,189,90,90,90,0.19782963807008228,0.3125,0.3125,0.3125,0.14295013549744684,0.14295013549744684,0.14295013549744684,True,True,0.5554244585900048,0.55424,0.0011844585900048221,0.0021325286844797535,1,1,0.8665263507808845,0.8665263507808845,0.0,0.0,3,1,1.9050216046030827e-07,P0,F1_Frobenius
34.0,573,194,94,94,94,0.20411544453627195,0.3197278911564626,0.3197278911564626,0.3197278911564626,0.14526283469947246,0.14526283469947246,0.14526283469947246,True,False,0.5519613249132588,0.55058,0.001381324913258819,0.0025025755445381892,1,1,0.8564396331887456,0.8501268932929955,0.006312739895750097,0.007370910512683933,1,1,1.3597725689859222e-07,P0,F1_Frobenius
35.0,573,200,101,101,101,0.2117461055962624,0.3377926421404682,0.3377926421404682,0.3377926421404682,0.1599060118054371,0.1599060118054371,0.1599060118054371,True,False,0.529972529571109,0.52796,0.0020125295711089786,0.003797422430060024,1,1,0.8244629626604356,0.8215182802591797,0.0029446824012558936,0.0035716369741507653,1,1,1.0673299853027181e-08,P0,F1_Frobenius
36.0,573,206,106,106,106,0.21947416273996465,0.3464052287581699,0.3464052287581699,0.3464052287581699,0.16262250390555322,0.16262250390555322,0.16262250390555322,True,False,0.5085630603966435,0.504113846467244,0.004449213929399454,0.008748598307414186,1,1,0.8146411933483352,0.8056699999988073,0.008971193349527895,0.011012447471081753,1,1,7.093224368522331e-09,P0,F1_Frobenius
37.0,573,212,113,113,113,0.22730149363603225,0.3633440514469453,0.3633440514469453,0.3633440514469453,0.17606162907066927,0.17606162907066927,0.17606162907066927,True,False,0.49440578263204005,0.49310678011968156,0.0012990025123584825,0.0026274015353199482,1,1,0.7852012089904072,0.7846498419567213,0.0005513670336859677,0.0007021984013433985,1,1,5.996190821387547e-10,P0,F1_Frobenius
38.0,573,217,116,116,116,0.23390149173608848,0.36477987421383645,0.36477987421383645,0.36477987421383645,0.17083753729574155,0.17083753729574155,0.17083753729574155,True,False,0.483450985623155,0.4756617457816005,0.007789239841554552,0.01611174673998117,1,1,0.7738314795225121,0.7730582069934967,0.0007732725290153786,0.0009992776844546588,1,1,1.828681706804241e-09,P0,F1_Frobenius
39.0,573,223,122,122,122,0.24191586374086366,0.3765432098765432,0.3765432098765432,0.3765432098765432,0.17758892410018695,0.17758892410018695,0.17758892410018695,True,False,0.45680690088920506,0.4543327058445165,0.002474195044688543,0.005416282109294666,1,1,0.7613902395618155,0.7604494508797116,0.0009407886821038991,0.001235619572225313,1,1,5.576233371711573e-10,P0,F1_Frobenius
40.0,573,229,127,127,127,0.25003509898592313,0.38368580060422963,0.38368580060422963,0.38368580060422963,0.17820927544420892,0.17820927544420892,0.17820927544420892,True,False,0.4489613010048861,0.44796266842226934,0.0009986325826167874,0.002224317731576422,1,1,0.7452409243101626,0.7427681348737073,0.002472789436455347,0.00331810741438321,1,1,5.652004218471523e-10,P0,F1_Frobenius
41.0,573,234,132,132,132,0.256882726086866,0.39285714285714285,0.39285714285714285,0.39285714285714285,0.18297840938921767,0.18297840938921767,0.18297840938921767,True,False,0.43216632492594786,0.4281047376518975,0.004061587274050371,0.009398203977939114,1,1,0.7199124937207216,0.7105620893349136,0.009350404385808031,0.012988251304658381,1,1,2.4808961084997284e-10,P0,F1_Frobenius
42.0,573,240,136,136,136,0.26519963409964514,0.3953488372093023,0.3953488372093023,0.3953488372093023,0.1771218539748339,0.1771218539748339,0.1771218539748339,True,False,0.4113653663107773,0.4093565531416347,0.002008813169142587,0.004883282195480146,1,1,0.7042137479487318,0.7035673062477906,0.0006464417009411916,0.0009179623414399087,1,1,9.107808645975056e-10,P0,F1_Frobenius
43.0,573,246,144,144,144,0.2736274229346693,0.41379310344827586,0.41379310344827586,0.41379310344827586,0.19296664678600597,0.19296664678600597,0.19296664678600597,True,False,0.3952963242935608,0.39299698713857845,0.0022993371549823727,0.0058167430701298525,1,1,0.6943870489143645,0.6900561745408867,0.004330874373477789,0.006236974581033545,1,1,4.5493193843259534e-11,P0,F1_Frobenius
44.0,573,252,148,148,148,0.28216832632827377,0.4157303370786517,0.4157303370786517,0.4157303370786517,0.18606313380852232,0.18606313380852232,0.18606313380852232,True,False,0.37507964514220177,0.37278006961209714,0.002299575530104625,0.006130899290023591,1,1,0.673789999999999,0.6728112290234154,0.0009787709765836095,0.0014526350592671468,1,1,2.175432770931879e-10,P0,F1_Frobenius
45.0,573,257,153,153,153,0.28937380606327734,0.42382271468144045,0.42382271468144045,0.42382271468144045,0.1891977945160505,0.1891977945160505,0.1891977945160505,True,False,0.36742346141747667,0.36699333454437566,0.00043012687310101105,0.001170657070840365,1,1,0.6518529463000065,0.6277423895197775,0.024110556780228998,0.036987723867911215,1,1,1.3500761486465633e-10,P0,F1_Frobenius
46.0,573,263,159,159,159,0.2981280897313316,0.4332425068119891,0.4332425068119891,0.4332425068119891,0.19250580498219014,0.19250580498219014,0.19250580498219014,True,False,0.3591697618118764,0.35816,0.0010097618118763974,0.0028113775691542874,1,1,0.5880341076803044,0.5824727639442476,0.0055613437360567675,0.00945751898303201,1,1,8.381022067113559e-11,P0,F1_Frobenius
47.0,573,269,165,165,165,0.3070021521112328,0.44235924932975873,0.44235924932975873,0.44235924932975873,0.1953210931763991,0.1953210931763991,0.1953210931763991,True,False,0.3495730201259817,0.3495102064318008,6.281369418087435e-05,0.000179686905351669,1,1,0.5606274357701703,0.5590264720911097,0.0016009636790605963,0.0028556641664553013,1,1,5.7853766402989775e-11,P0,F1_Frobenius
48.0,573,275,168,168,168,0.3159984701785904,0.4397905759162304,0.4397905759162304,0.4397905759162304,0.1809822059461792,0.1809822059461792,0.1809822059461792,True,False,0.33938998467839326,0.337358820545721,0.0020311641326722363,0.005984749769787615,1,1,0.5404608965615199,0.5394416099495245,0.0010192866119953514,0.0018859581118267407,1,1,1.1572402951212976e-09,P0,F1_Frobenius
49.0,573,280,171,171,171,0.32359062621322854,0.43958868894601544,0.43958868894601544,0.43958868894601544,0.17149091545463066,0.17149091545463066,0.17149091545463066,True,False,0.33352111252512934,0.33320408971079574,0.0003170228143336007,0.0009505329720609949,1,1,0.5198906846636108,0.5191468145910159,0.0007438700725949099,0.001430820159965402,1,1,7.766510164568468e-09,P0,F1_Frobenius
50.0,573,286,178,178,178,0.33281774305900164,0.4517766497461929,0.4517766497461929,0.4517766497461929,0.17830046505225228,0.17830046505225228,0.17830046505225228,True,False,0.32901239627102197,0.3283785949175129,0.0006338013535090448,0.0019263752998137942,1,1,0.50398625571969,0.4988406836856834,0.005145572034006618,0.010209746745293213,1,1,2.6898967966153736e-09,P0,F1_Frobenius
1.0,573,5,0,0,0,0.0048647682070274215,0.0,0.0,0.0,-0.004888549869008643,-0.004888549869008643,-0.004888549869008643,True,False,1.2370075927549253,1.2339822773443718,0.0030253154105535085,0.0024456724665819257,1,1,9.136860189903349,3.9875717462279594,5.149288443675389,0.5635730805387161,1,1,1.0,P0,F3_Longitudinal
2.0,573,11,0,0,0,0.010144239897062002,0.0,0.0,0.0,-0.010248200097362744,-0.010248200097362744,-0.010248200097362744,True,False,1.05171,1.04302,0.008689999999999864,0.008262734023637567,1,1,3.4477,3.2830994784296075,0.16460052157039273,0.04774212419015365,2,2,1.0,P0,F3_Longitudinal
3.0,573,17,0,0,0,0.015500234329753358,0.0,0.0,0.0,-0.015744274270294834,-0.015744274270294834,-0.015744274270294834,True,False,0.9994899999999999,0.99818,0.0013099999999999223,0.001310668440904784,1,1,2.533814056388363,2.529079632833915,0.004734423554447975,0.001868496838791836,1,1,1.0,P0,F3_Longitudinal
4.0,573,22,0,0,0,0.02001050598232266,0.0,0.0,0.0,-0.020419102556176693,-0.020419102556176693,-0.020419102556176693,True,False,0.9749099999999999,0.97014,0.004769999999999941,0.004892759331630552,1,1,2.044772557040731,1.9731327548127462,0.07163980222798472,0.03503558475553117,1,1,1.0,P0,F3_Longitudinal
5.0,573,28,1,1,1,0.025477572909264095,0.01818181818181818,0.01818181818181818,0.01818181818181818,-0.007486492382967622,-0.007486492382967622,-0.007486492382967622,True,False,0.8893185201461539,0.88154,0.007778520146153878,0.008746607621390283,1,1,1.7217244245934276,1.648844345485623,0.07288007910780459,0.042329700425208686,1,1,0.7625610938212595,P0,F3_Longitudinal
6.0,573,34,2,2,2,0.031004428935034415,0.030303030303030304,0.030303030303030304,0.030303030303030304,-0.000723840905932362,-0.000723840905932362,-0.000723840905932362,True,False,0.84827,0.8434510082591248,0.004818991740875189,0.0056809644816805845,1,1,1.5479399999999992,1.5450701493891255,0.0028698506108737476,0.0018539805230653314,1,1,0.61515108602871,P0,F3_Longitudinal
7.0,573,40,3,3,3,0.03659167305736104,0.03896103896103896,0.03896103896103896,0.03896103896103896,0.0024593579247929767,0.0024593579247929767,0.0024593579247929767,True,False,0.80344,0.8025977032112663,0.0008422967887337096,0.0010483630249100238,1,1,1.45401780505046,1.4485469169755376,0.005470888074922353,0.0037626004687972116,1,1,0.5420758462727502,P0,F3_Longitudinal
8.0,573,45,5,5,5,0.041294420937402626,0.058823529411764705,0.058823529411764705,0.058823529411764705,0.01828414151037035,0.01828414151037035,0.01828414151037035,True,False,0.78707,0.78248,0.004590000000000094,0.005831755752347433,1,1,1.4025432827009583,1.3578207394773263,0.044722543223632005,0.031886747293464794,1,1,0.2726365746959756,P0,F3_Longitudinal
9.0,573,51,7,7,7,0.046994555952628414,0.07368421052631578,0.07368421052631578,0.07368421052631578,0.028005773461626405,0.028005773461626405,0.028005773461626405,True,False,0.75757,0.7465599999999999,0.011010000000000075,0.014533310453159544,1,1,1.3049026956411713,1.2802905828255557,0.024612112815615594,0.018861262910888764,1,1,0.15527433057773457,P0,F3_Longitudinal
10.0,573,57,7,7,7,0.05275760760908707,0.06542056074766354,0.06542056074766354,0.06542056074766354,0.013368228914052508,0.013368228914052508,0.013368228914052508,True,False,0.7036540120241731,0.6891050131201659,0.014548998904007182,0.02067635322955761,1,1,1.244212924114412,1.2404121041565854,0.003800819957826551,0.0030547986475320085,1,1,0.3339236538419765,P0,F3_Longitudinal
11.0,573,63,10,10,10,0.05858458404020633,0.08620689655172414,0.08620689655172414,0.08620689655172414,0.02934125790085587,0.02934125790085587,0.02934125790085587,True,False,0.6434599999999999,0.6428599999999994,0.000600000000000489,0.0009324588941045117,1,1,1.199609999944569,1.1820933240844536,0.017516675860115516,0.014601975526150095,1,1,0.13702765109078122,P0,F3_Longitudinal
12.0,573,68,11,11,11,0.06348998130614933,0.088,0.088,0.088,0.026171656687703947,0.026171656687703947,0.026171656687703947,True,False,0.627389999999999,0.6240899999999998,0.0032999999999991925,0.005259886195188316,1,1,1.1262756601261483,1.1235500000000003,0.002725660126148055,0.002420064840824819,1,1,0.16481429466783504,P0,F3_Longitudinal
13.0,573,74,14,14,14,0.06943688706444504,0.1044776119402985,0.1044776119402985,0.1044776119402985,0.037655398531018465,0.037655398531018465,0.037655398531018465,True,False,0.5867699999999981,0.5844699999999996,0.0022999999999985254,0.003919764132451442,1,1,1.07248,1.0657163484699839,0.006763651530016235,0.006306552597732577,1,1,0.0757773434579549,P0,F3_Longitudinal
14.0,573,80,18,18,18,0.07545075520425892,0.1267605633802817,0.1267605633802817,0.1267605633802817,0.05549710679538605,0.05549710679538605,0.05549710679538605,True,False,0.5677205251198663,0.5655599999999867,0.0021605251198795195,0.003805613896773161,1,1,1.036809999999999,1.017869999999999,0.018939999999999957,0.018267570721732986,1,1,0.017346258203565442,P0,F3_Longitudinal
15.0,573,85,20,20,20,0.08051427689820931,0.13333333333333333,0.13333333333333333,0.13333333333333333,0.05744412893866841,0.05744412893866841,0.05744412893866841,True,False,0.5560099999999973,0.5554499999999919,0.000560000000005445,0.0010071761299355185,1,1,1.0039300000000926,0.99145,0.012480000000092528,0.012431145597891663,1,1,0.014280011197226886,P0,F3_Longitudinal
16.0,573,91,24,24,24,0.08665385984471832,0.1518987341772152,0.1518987341772152,0.1518987341772152,0.07143499212839978,0.07143499212839978,0.07143499212839978,True,False,0.5472252226371686,0.540653829042571,0.006571393594597574,0.012008572197986317,1,1,0.9626600000000002,0.95642,0.006240000000000134,0.006482039349303111,1,1,0.0034625791054481146,P0,F3_Longitudinal
17.0,573,97,26,26,26,0.09286367473140028,0.15476190476190477,0.15476190476190477,0.15476190476190477,0.06823476064876649,0.06823476064876649,0.06823476064876649,True,False,0.529664545121538,0.5284199999999942,0.0012445451215438164,0.002349685537774178,1,1,0.9054500000000001,0.905260000000554,0.00018999999944613322,0.00020984041023373263,1,1,0.004773378520811609,P0,F3_Longitudinal
18.0,573,103,31,31,31,0.09914492971776269,0.17714285714285713,0.17714285714285713,0.17714285714285713,0.08658210404550172,0.08658210404550172,0.08658210404550172,True,False,0.5012799999999967,0.49773000536337136,0.0035499946366253643,0.007081859712387064,1,1,0.8969020961806986,0.8937400000000001,0.003162096180698515,0.003525575638816935,1,1,0.0005896419299347943,P0,F3_Longitudinal
19.0,573,108,36,36,36,0.10443477276239174,0.2,0.2,0.2,0.10670939908238894,0.10670939908238894,0.10670939908238894,True,False,0.48728999999999356,0.486295253208259,0.0009947467917345576,0.0020413856055625412,1,1,0.8605750240965233,0.859449999999999,0.001125024096524263,0.0013072934549842091,1,1,4.189235129144599e-05,P0,F3_Longitudinal
20.0,573,114,42,42,42,0.11085023542627534,0.22580645161290322,0.22580645161290322,0.22580645161290322,0.12928779916141583,0.12928779916141583,0.12928779916141583,True,False,0.4581999999999944,0.4553299999999821,0.002870000000012307,0.0062636403317598045,1,1,0.826687622099852,0.8133800000000001,0.013307622099851923,0.016097521898355643,2,2,1.4228223889112773e-06,P0,F3_Longitudinal
21.0,573,120,44,44,44,0.11734072027853504,0.22448979591836735,0.22448979591836735,0.22448979591836735,0.12139347322518905,0.12139347322518905,0.12139347322518905,True,False,0.4407799999999699,0.4384299999999915,0.002349999999978425,0.005331457870090715,1,1,0.7671022086614873,0.7638532434645466,0.003248965196940623,0.0042353745827557005,1,1,4.6752829191135155e-06,P0,F3_Longitudinal
22.0,573,126,48,48,48,0.12390754979930439,0.23529411764705882,0.23529411764705882,0.23529411764705882,0.12714019830012,0.12714019830012,0.12714019830012,True,False,0.4347660640008565,0.4347660640008564,1.1102230246251565e-16,2.553610128648333e-16,1,1,0.7364916084927177,0.733343575992933,0.003148032499784681,0.004274363025299572,1,1,1.8817392142996204e-06,P0,F3_Longitudinal
23.0,573,131,48,48,48,0.12943920253995603,0.22429906542056074,0.22429906542056074,0.22429906542056074,0.10896408746795021,0.10896408746795021,0.10896408746795021,True,False,0.4255714869808187,0.4210602292697826,0.00451125771103611,0.010600469836550493,1,1,0.6942975484244991,0.6897113915409655,0.0045861568835335875,0.006605463167687255,1,1,2.9124628989422603e-05,P0,F3_Longitudinal
24.0,573,137,55,55,55,0.13614953768030674,0.2511415525114155,0.2511415525114155,0.2511415525114155,0.1331156488847865,0.1331156488847865,0.1331156488847865,True,False,0.41211999999998805,0.4116137497791183,0.0005062502208697528,0.001228404884183654,1,1,0.6682600000000001,0.6640168466055131,0.004243153394486998,0.006349554656102411,1,1,7.10751338316505e-07,P0,F3_Longitudinal
25.0,573,143,57,57,57,0.1429401392933665,0.24890829694323144,0.24890829694323144,0.24890829694323144,0.1236414893616599,0.1236414893616599,0.1236414893616599,True,False,0.39534201831989135,0.39315443239118086,0.0021875859287104893,0.005533401023263867,1,1,0.6457431820778275,0.6348825144893707,0.01086066758845683,0.016818865285592528,1,1,3.275461019585738e-06,P0,F3_Longitudinal
26.0,573,148,60,60,60,0.14866133274015444,0.2542372881355932,0.2542372881355932,0.2542372881355932,0.12401169999155563,0.12401169999155563,0.12401169999155563,True,False,0.380109999999982,0.3781699999999835,0.0019399999999984985,0.005103785746227645,1,1,0.6053799999999969,0.6051246661394408,0.0002553338605560951,0.0004217745227065585,1,1,3.140463328393166e-06,P0,F3_Longitudinal
27.0,573,154,66,66,66,0.15560287751019589,0.2727272727272727,0.2727272727272727,0.2727272727272727,0.13870771476781182,0.13870771476781182,0.13870771476781182,True,False,0.37132959895817286,0.3707599999999826,0.0005695989581902539,0.0015339443981529045,1,1,0.587058775896737,0.586137598645465,0.000921177251272054,0.0015691397336918237,1,1,2.917514338618799e-07,P0,F3_Longitudinal
28.0,573,160,67,67,67,0.16262888566726297,0.2648221343873518,0.2648221343873518,0.2648221343873518,0.12204057074684502,0.12204057074684502,0.12204057074684502,True,False,0.3539272620186021,0.3497356990642854,0.004191562954316663,0.011843006753450822,1,1,0.574455054729459,0.5717299999999985,0.0027250547294604965,0.0047437213878183514,1,1,4.542179758675091e-06,P0,F3_Longitudinal
29.0,573,166,72,72,72,0.16974090852766702,0.27692307692307694,0.27692307692307694,0.27692307692307694,0.1290948446048803,0.1290948446048803,0.1290948446048803,True,False,0.32563999999997095,0.315365542183222,0.01027445781674896,0.031551584009181545,1,1,0.5569870201798193,0.5561799999999991,0.0008070201798201504,0.0014489030275061162,1,1,1.5436610941655865e-06,P0,F3_Longitudinal
30.0,573,171,75,75,75,0.17573444559908336,0.2808988764044944,0.2808988764044944,0.2808988764044944,0.12758561878986374,0.12758561878986374,0.12758561878986374,True,False,0.31163578210567283,0.3093943374415072,0.0022414446641656482,0.0071925138025568415,1,1,0.5412735753688636,0.5410999999999995,0.0001735753688640873,0.0003206795542268996,1,1,2.0467267187912507e-06,P0,F3_Longitudinal
31.0,573,177,80,80,80,0.1830083192418814,0.291970802919708,0.291970802919708,0.291970802919708,0.13337037113611247,0.13337037113611247,0.13337037113611247,True,False,0.2995799999999606,0.2992999999999678,0.000279999999992786,0.0009346418318740331,1,1,0.5363899999996845,0.5296801889542813,0.006709811045403247,0.012509202344203272,1,1,8.423936761479223e-07,P0,F3_Longitudinal
32.0,573,183,85,85,85,0.1903728151227539,0.302491103202847,0.302491103202847,0.302491103202847,0.1384813778172385,0.1384813778172385,0.1384813778172385,True,False,0.2946099999999437,0.29273999999987144,0.0018700000000722583,0.0063473744953416915,1,1,0.5117969128963947,0.5100699999999984,0.001726912896396371,0.0033742151483941393,2,2,3.813040227131897e-07,P0,F3_Longitudinal
33.0,573,189,89,89,89,0.19782963807008228,0.3079584775086505,0.3079584775086505,0.3079584775086505,0.1372885918816703,0.1372885918816703,0.1372885918816703,True,False,0.280423494516417,0.277119999999044,0.0033034945173729957,0.011780377115226332,1,1,0.4982900155573421,0.49206408742493435,0.006225928132407743,0.012494587364838093,1,1,4.986412275933432e-07,P0,F3_Longitudinal
34.0,573,194,92,92,92,0.20411544453627195,0.3108108108108108,0.3108108108108108,0.3108108108108108,0.13405884753269523,0.13405884753269523,0.13405884753269523,True,False,0.27345348138831965,0.27339651913908697,5.696224923268378e-05,0.00020830690815668978,1,1,0.47868245664791326,0.4665376205788676,0.01214483606904565,0.02537138326332811,1,1,9.048702130504752e-07,P0,F3_Longitudinal
35.0,573,200,98,98,98,0.2117461055962624,0.32450331125827814,0.32450331125827814,0.32450331125827814,0.1430468107579845,0.1430468107579845,0.1430468107579845,True,False,0.2681587888999686,0.2663942962105316,0.0017644926894369584,0.0065800293053052536,1,1,0.46122687031466125,0.46071396780793494,0.0005129025067263093,0.001112039518374967,1,1,2.1624993398459543e-07,P0,F3_Longitudinal
36.0,573,206,103,103,103,0.21947416273996465,0.3333333333333333,0.3333333333333333,0.3333333333333333,0.14587495398366426,0.14587495398366426,0.14587495398366426,True,False,0.2621816208845408,0.262101090629323,8.053025521775892e-05,0.0003071544639401811,1,1,0.4354099999999754,0.43467999999999024,0.0007299999999851314,0.00167658069402442,1,1,1.4489954894510929e-07,P0,F3_Longitudinal
37.0,573,212,111,111,111,0.22730149363603225,0.3546325878594249,0.3546325878594249,0.3546325878594249,0.16478755060957154,0.16478755060957154,0.16478755060957154,True,False,0.2530499999998576,0.2522031937923746,0.0008468062074830085,0.0033463987650009285,1,1,0.42494980501608665,0.4222799999999977,0.002669805016088933,0.006282636171554112,1,1,5.25196761060614e-09,P0,F3_Longitudinal
38.0,573,217,118,118,118,0.23390149173608848,0.37341772151898733,0.37341772151898733,0.37341772151898733,0.18211265036798271,0.18211265036798271,0.18211265036798271,True,False,0.24521717333245785,0.24475953811387852,0.0004576352185793331,0.001866244571536943,1,1,0.41696919263311105,0.41658131323108033,0.0003878794020307219,0.0009302351561785883,1,1,1.991915544285599e-10,P0,F3_Longitudinal
39.0,573,223,123,123,123,0.24191586374086366,0.38080495356037153,0.38080495356037153,0.38080495356037153,0.18321065324605515,0.18321065324605515,0.18321065324605515,True,False,0.23879999999993234,0.2378225513960234,0.0009774486039089425,0.004093168358078808,1,1,0.40328999999999476,0.4028350720778332,0.0004549279221615632,0.001128041662727985,2,2,1.8225158785578445e-10,P0,F3_Longitudinal
40.0,573,229,128,128,128,0.25003509898592313,0.3878787878787879,0.3878787878787879,0.3878787878787879,0.18380018679071145,0.18380018679071145,0.18380018679071145,True,False,0.23346999999993262,0.23346999999990048,3.214095656289828e-14,1.37666323565801e-13,1,1,0.3879699999999939,0.3871750123704735,0.0007949876295203495,0.0020490956247141844,1,1,1.862599477965283e-10,P0,F3_Longitudinal
41.0,573,234,132,132,132,0.256882726086866,0.39285714285714285,0.39285714285714285,0.39285714285714285,0.18297840938921767,0.18297840938921767,0.18297840938921767,True,False,0.22263593379357094,0.22089421299094242,0.0017417208026285214,0.007823179182941118,1,1,0.3824060262968468,0.3797055078411624,0.002700518455684364,0.0070619139604982525,1,1,2.4808961084997284e-10,P0,F3_Longitudinal
42.0,573,240,139,139,139,0.26519963409964514,0.40762463343108507,0.40762463343108507,0.40762463343108507,0.19382815515738866,0.19382815515738866,0.19382815515738866,True,False,0.21400065077464797,0.2116799999998983,0.0023206507747496607,0.01084412952179948,1,1,0.3649600100512552,0.3611980264086123,0.0037619836426429076,0.01030793385312153,1,1,3.213261673114365e-11,P0,F3_Longitudinal
43.0,573,246,143,143,143,0.2736274229346693,0.40974212034383956,0.40974212034383956,0.40974212034383956,0.18738964232253494,0.18738964232253494,0.18738964232253494,True,False,0.20532056035090843,0.20519250640687042,0.00012805394403800352,0.0006236781344213634,1,1,0.35140000860568016,0.35130994079829087,9.006780738929354e-05,0.0002563113408752422,1,1,1.4091512302371646e-10,P0,F3_Longitudinal
44.0,573,252,150,150,150,0.28216832632827377,0.423728813559322,0.423728813559322,0.423728813559322,0.19720568543174327,0.19720568543174327,0.19720568543174327,True,False,0.20364767786659824,0.20324341716872088,0.00040426069787735663,0.0019850984902571403,1,1,0.33686999999998324,0.3335599999999897,0.0033099999999935403,0.009825748805158385,1,1,2.274465751521683e-11,P0,F3_Longitudinal
45.0,573,257,156,156,156,0.28937380606327734,0.43575418994413406,0.43575418994413406,0.43575418994413406,0.20598788101229362,0.20598788101229362,0.20598788101229362,True,False,0.2002413067628543,0.20014589949509493,9.540726775936204e-05,0.0004764614719197415,1,1,0.32816500401655124,0.32579239613530636,0.0023726078812448814,0.0072299235208066765,1,1,4.240283930886864e-12,P0,F3_Longitudinal
46.0,573,263,163,163,163,0.2981280897313316,0.4490358126721763,0.4490358126721763,0.4490358126721763,0.21500749742653041,0.21500749742653041,0.21500749742653041,True,False,0.1930699999998403,0.19225641718772138,0.0008135828121189348,0.0042139266179085704,1,1,0.3068299999999814,0.3067808390365856,4.916096339580012e-05,0.0001602221536218854,1,1,7.534444006211157e-13,P0,F3_Longitudinal
47.0,573,269,167,167,167,0.3070021521112328,0.4501347708894879,0.4501347708894879,0.4501347708894879,0.20654121685126683,0.20654121685126683,0.20654121685126683,True,False,0.18538999999995467,0.18481046575531487,0.0005795342446398011,0.0031260275346024205,1,1,0.285125132641021,0.28493427184629183,0.00019086079472918627,0.0006693930940471822,1,1,5.741512093203811e-12,P0,F3_Longitudinal
48.0,573,275,174,174,174,0.3159984701785904,0.4627659574468085,0.4627659574468085,0.4627659574468085,0.21457186989996727,0.21457186989996727,0.21457186989996727,True,False,0.18213997786047179,0.17986035087293992,0.0022796269875318687,0.012515796994760676,1,1,0.27593999999995367,0.275500000000006,0.00043999999994764893,0.001594549539565568,1,1,1.3094654316773093e-12,P0,F3_Longitudinal
49.0,573,280,179,179,179,0.32359062621322854,0.46981627296587924,0.46981627296587924,0.46981627296587924,0.21617921397811127,0.21617921397811127,0.21617921397811127,True,False,0.17854501188543873,0.17832638327885897,0.00021862860657975713,0.0012245013415442688,1,1,0.2706458299359587,0.2694900104642327,0.001155819471725994,0.004270597747615356,1,1,1.1336665816818519e-12,P0,F3_Longitudinal
50.0,573,286,183,183,183,0.33281774305900164,0.4704370179948586,0.4704370179948586,0.4704370179948586,0.20626938666929684,0.20626938666929684,0.20626938666929684,True,False,0.16931403094073685,0.16689300429000248,0.002421026650734376,0.014299031434564223,1,1,0.25893389772793035,0.2585143565323191,0.0004195411956112727,0.0016202637016343733,1,1,1.15374027711972e-11,P0,F3_Longitudinal
1.0,573,5,0,0,0,0.0048647682070274215,0.0,0.0,0.0,-0.004888549869008643,-0.004888549869008643,-0.004888549869008643,True,False,1.5738782735650176,1.5444484893320334,0.029429784232984257,0.01869889477940525,1,1,10.172073716428086,9.44184974954288,0.7302239668852053,0.07178712888266629,1,1,1.0,P0,F4_KelvinOp
2.0,573,11,0,0,0,0.010144239897062002,0.0,0.0,0.0,-0.010248200097362744,-0.010248200097362744,-0.010248200097362744,True,False,1.3971722889464993,1.3643699606778215,0.032802328268677794,0.02347765449414368,1,1,3.78886425074424,3.58434126781555,0.20452298292868987,0.05398002393158208,1,1,1.0,P0,F4_KelvinOp
3.0,573,17,0,0,0,0.015500234329753358,0.0,0.0,0.0,-0.015744274270294834,-0.015744274270294834,-0.015744274270294834,True,False,1.2918790951862116,1.27754971891508,0.014329376271131622,0.011091886481115467,1,1,3.2090061365164138,3.110861414994244,0.09814472152216958,0.030584148906836337,1,1,1.0,P0,F4_KelvinOp
4.0,573,22,0,0,0,0.02001050598232266,0.0,0.0,0.0,-0.020419102556176693,-0.020419102556176693,-0.020419102556176693,True,False,1.2519184139551587,1.2402170408037456,0.011701373151413064,0.009346753766841059,1,1,2.8894928663694595,2.6426878526704694,0.2468050136989901,0.08541464717616398,1,1,1.0,P0,F4_KelvinOp
5.0,573,28,0,0,0,0.025477572909264095,0.0,0.0,0.0,-0.026143649649318874,-0.026143649649318874,-0.026143649649318874,True,False,1.1978254432094853,1.1929789153208032,0.004846527888682006,0.004046105312052891,1,1,2.3500200665485482,2.331450133897218,0.018569932651330223,0.007902031525459995,1,1,1.0,P0,F4_KelvinOp
6.0,573,34,2,2,2,0.031004428935034415,0.030303030303030304,0.030303030303030304,0.030303030303030304,-0.000723840905932362,-0.000723840905932362,-0.000723840905932362,True,False,1.0670794598341775,1.0624420808684114,0.0046373789657661035,0.004345860960051414,1,1,2.1577999824010554,2.095161104855663,0.06263887754539255,0.029029047203759914,1,1,0.61515108602871,P0,F4_KelvinOp
7.0,573,40,2,2,2,0.03659167305736104,0.02564102564102564,0.02564102564102564,0.02564102564102564,-0.011366569200296517,-0.011366569200296517,-0.011366569200296517,True,False,1.0330122966354274,0.9994100913538947,0.03360220528153268,0.032528369111361734,1,1,1.975077167327898,1.9287185985000508,0.04635856882784717,0.023471775986639624,1,1,0.7893552550834071,P0,F4_KelvinOp
8.0,573,45,4,4,4,0.041294420937402626,0.046511627906976744,0.046511627906976744,0.046511627906976744,0.00544192824524438,0.00544192824524438,0.00544192824524438,True,False,0.9634995404254223,0.9620894864824167,0.0014100539430056402,0.0014634713187128734,1,1,1.880502742480398,1.8447077780776013,0.035794964402796614,0.01903478447236018,1,1,0.4795287179350617,P0,F4_KelvinOp
9.0,573,51,7,7,7,0.046994555952628414,0.07368421052631578,0.07368421052631578,0.07368421052631578,0.028005773461626405,0.028005773461626405,0.028005773461626405,True,False,0.9501252397447403,0.9490756997205227,0.0010495400242175323,0.0011046333475989974,1,1,1.6703818312060121,1.6700031613443131,0.0003786698616989881,0.00022669658794455952,1,1,0.15527433057773457,P0,F4_KelvinOp
10.0,573,57,9,9,9,0.05275760760908707,0.08571428571428572,0.08571428571428572,0.08571428571428572,0.03479223308620452,0.03479223308620452,0.03479223308620452,True,False,0.925565029806118,0.9110323253196407,0.014532704486477255,0.015701440761565377,1,1,1.6043333626307208,1.6004597912475023,0.0038735713832185326,0.002414442953967377,1,1,0.09792859132644674,P0,F4_KelvinOp
11.0,573,63,12,12,12,0.05858458404020633,0.10526315789473684,0.10526315789473684,0.10526315789473684,0.04958339651464139,0.04958339651464139,0.04958339651464139,True,False,0.8818006035380108,0.8815968539530978,0.00020374958491298223,0.00023106083631093752,1,1,1.5332114525074485,1.5300078570386488,0.0032035954687996693,0.002089467479231542,1,1,0.031330145861704996,P0,F4_KelvinOp
12.0,573,68,14,14,14,0.06348998130614933,0.11475409836065574,0.11475409836065574,0.11475409836065574,0.05473952870894474,0.05473952870894474,0.05473952870894474,True,True,0.8475565584961088,0.8355672416987157,0.011989316797393124,0.014145742460735342,1,1,1.4670832742554183,1.4670832742554183,0.0,0.0,2,1,0.019621626725187958,P0,F4_KelvinOp
13.0,573,74,16,16,16,0.06943688706444504,0.12121212121212122,0.12121212121212122,0.12121212121212122,0.055638605730186315,0.055638605730186315,0.055638605730186315,True,False,0.792595991032001,0.7925482749620277,4.771606997322486e-05,6.0202260058237325e-05,1,1,1.4216527899543911,1.404389354939982,0.01726343501440919,0.012143214669851299,1,1,0.01754905291451037,P0,F4_KelvinOp
14.0,573,80,19,19,19,0.07545075520425892,0.1347517730496454,0.1347517730496454,0.1347517730496454,0.06414046431727682,0.06414046431727682,0.06414046431727682,True,False,0.7552733483977838,0.7515785799901431,0.003694768407640714,0.0048919618512670866,1,1,1.3435488403850449,1.3342173554458006,0.009331484939244294,0.006945400612730985,1,1,0.007665405902021586,P0,F4_KelvinOp
15.0,573,85,22,22,22,0.08051427689820931,0.14864864864864866,0.14864864864864866,0.14864864864864866,0.07410052167052147,0.07410052167052147,0.07410052167052147,True,False,0.7348049778002325,0.7332173001914234,0.0015876776088090683,0.0021606788968170296,1,1,1.2643280363101976,1.2407792627619145,0.02354877354828311,0.018625525078924624,1,1,0.002673512516616943,P0,F4_KelvinOp
16.0,573,91,27,27,27,0.08665385984471832,0.17419354838709677,0.17419354838709677,0.17419354838709677,0.09584503037095604,0.09584503037095604,0.09584503037095604,True,False,0.7074439993938957,0.7005663515171673,0.006877647876728399,0.00972182657937708,1,1,1.190693802243045,1.190230654913228,0.00046314732981711515,0.00038897265522389713,1,1,0.00019941112673079318,P0,F4_KelvinOp
17.0,573,97,28,28,28,0.09286367473140028,0.1686746987951807,0.1686746987951807,0.1686746987951807,0.08357180938745129,0.08357180938745129,0.08357180938745129,True,False,0.6698281116823928,0.6686893084983488,0.0011388031840439128,0.0017001424159156376,1,1,1.1376698293441732,1.136009712502494,0.0016601168416792156,0.0014592255141689175,1,1,0.0008645647200110193,P0,F4_KelvinOp
18.0,573,103,30,30,30,0.09914492971776269,0.17045454545454544,0.17045454545454544,0.17045454545454544,0.07915770037731096,0.07915770037731096,0.07915770037731096,True,False,0.6435917943075409,0.6393376672776289,0.004254127029912014,0.0066099771121059005,1,1,1.1166258161980673,1.109213594985203,0.007412221212864223,0.006638052878001382,1,1,0.0014199583253178543,P0,F4_KelvinOp
19.0,573,108,32,32,32,0.10443477276239174,0.17391304347826086,0.17391304347826086,0.17391304347826086,0.07758035774811899,0.07758035774811899,0.07758035774811899,True,False,0.6182941914996872,0.6158237265646721,0.0024704649350151264,0.003995614011871849,1,1,1.0729214033655947,1.0711529772166062,0.0017684261489885333,0.0016482345709958285,1,1,0.0016877206663233847,P0,F4_KelvinOp
20.0,573,114,35,35,35,0.11085023542627534,0.18134715025906736,0.18134715025906736,0.18134715025906736,0.07928575999408782,0.07928575999408782,0.07928575999408782,True,False,0.6077639484207665,0.6072726534267784,0.000491294993988145,0.0008083648187174343,1,1,1.0459784328082475,1.0455563709336768,0.00042206187457072275,0.0004035091559560833,1,1,0.0013811352523759206,P0,F4_KelvinOp
21.0,573,120,40,40,40,0.11734072027853504,0.2,0.2,0.2,0.09364800395861608,0.09364800395861608,0.09364800395861608,True,False,0.5899716066049281,0.5887012729729739,0.001270333631954168,0.00215321147277659,1,1,1.0074298637622372,0.9939444284473806,0.013485435314856575,0.013385979312242488,1,1,0.0002357620418884925,P0,F4_KelvinOp
22.0,573,126,45,45,45,0.12390754979930439,0.21739130434782608,0.21739130434782608,0.21739130434782608,0.10670535344426994,0.10670535344426994,0.10670535344426994,True,False,0.5714718857476718,0.5670403303116984,0.0044315554359734,0.007754634211227169,1,1,0.9651724857354105,0.9465211914690553,0.018651294266355145,0.019324312018844842,1,1,4.01141689413262e-05,P0,F4_KelvinOp
23.0,573,131,49,49,49,0.12943920253995603,0.2300469483568075,0.2300469483568075,0.2300469483568075,0.11556659352268737,0.11556659352268737,0.11556659352268737,True,False,0.5576873092513402,0.5556208824369364,0.0020664268144038322,0.0037053502565404955,1,1,0.9369023429365518,0.9307259864750743,0.006176356461477517,0.0065923161661853025,1,1,1.1072680925754834e-05,P0,F4_KelvinOp
24.0,573,137,52,52,52,0.13614953768030674,0.23423423423423423,0.23423423423423423,0.23423423423423423,0.11354360602012199,0.11354360602012199,0.11354360602012199,True,False,0.540341536622903,0.5402543605795205,8.717604338248641e-05,0.00016133507693547053,1,1,0.9140031796822975,0.912012184238784,0.0019909954435134436,0.002178324416995467,1,1,1.5055158643997259e-05,P0,F4_KelvinOp
25.0,573,143,54,54,54,0.1429401392933665,0.23275862068965517,0.23275862068965517,0.23275862068965517,0.10479837583600593,0.10479837583600593,0.10479837583600593,True,False,0.5262188330913291,0.5174458954325563,0.00877293765877285,0.016671652755632642,1,1,0.8943345147091216,0.894032508015936,0.0003020066931855858,0.0003376887375120619,1,1,5.4066288112744586e-05,P0,F4_KelvinOp
26.0,573,148,57,57,57,0.14866133274015444,0.2384937238493724,0.2384937238493724,0.2384937238493724,0.10551898388259077,0.10551898388259077,0.10551898388259077,True,False,0.49661782831469115,0.49549152623821924,0.0011263020764719078,0.0022679453137920886,1,1,0.8765610189300987,0.8732656918716087,0.003295327058490005,0.0037593812493649007,1,1,4.976779880082748e-05,P0,F4_KelvinOp
27.0,573,154,63,63,63,0.15560287751019589,0.2571428571428571,0.2571428571428571,0.2571428571428571,0.12025145151283637,0.12025145151283637,0.12025145151283637,True,False,0.4693491970803828,0.46643684138887065,0.0029123556915121585,0.006205093584113186,1,1,0.854469419991143,0.8365936079625889,0.01787581202855415,0.020920364860733624,1,1,5.794400330633544e-06,P0,F4_KelvinOp
28.0,573,160,69,69,69,0.16262888566726297,0.2749003984063745,0.2749003984063745,0.2749003984063745,0.13407617102791464,0.13407617102791464,0.13407617102791464,True,False,0.45614621362015045,0.45589006306345387,0.00025615055669658826,0.0005615536182218409,1,1,0.8228035927242906,0.8145516565878421,0.008251936136448479,0.010029047283479208,1,1,6.552731866692647e-07,P0,F4_KelvinOp
29.0,573,166,72,72,72,0.16974090852766702,0.27692307692307694,0.27692307692307694,0.27692307692307694,0.1290948446048803,0.1290948446048803,0.1290948446048803,True,False,0.43632272505566333,0.4350067092417213,0.0013160158139420286,0.0030161523532246447,1,1,0.7680148161639252,0.762515668560324,0.005499147603601151,0.007160210308270162,1,1,1.5436610941655865e-06,P0,F4_KelvinOp
30.0,573,171,76,76,76,0.17573444559908336,0.2857142857142857,0.2857142857142857,0.2857142857142857,0.13342767937832442,0.13342767937832442,0.13342767937832442,True,False,0.4294894334174783,0.42833700377156303,0.001152429645915276,0.0026832549447033203,1,1,0.7443929379702631,0.739661977392376,0.004730960577887022,0.006355461392187488,1,1,7.907899650586801e-07,P0,F4_KelvinOp
31.0,573,177,79,79,79,0.1830083192418814,0.2872727272727273,0.2872727272727273,0.2872727272727273,0.1276199139923859,0.1276199139923859,0.1276199139923859,True,False,0.41854019965723777,0.4146108693703049,0.003929330286932875,0.009388178937532854,1,1,0.709375978137643,0.707238029323397,0.0021379488142460046,0.0030138443930098377,1,1,2.14493430065993e-06,P0,F4_KelvinOp
32.0,573,183,83,83,83,0.1903728151227539,0.29328621908127206,0.29328621908127206,0.29328621908127206,0.12711209045447464,0.12711209045447464,0.12711209045447464,True,False,0.40672009309010393,0.4060914244354343,0.0006286686546696507,0.001545703458841353,1,1,0.6956106363476661,0.6891601825410402,0.0064504538066259,0.009273081045014332,1,1,2.464729161936949e-06,P0,F4_KelvinOp
33.0,573,189,83,83,83,0.19782963807008228,0.28135593220338984,0.28135593220338984,0.28135593220338984,0.10412538046451147,0.10412538046451147,0.10412538046451147,True,False,0.3889498435488736,0.38487634221916,0.004073501329713569,0.010473076149217457,1,1,0.6643197498569482,0.6631530236679919,0.0011667261889563019,0.0017562720199234476,1,1,7.966331504456383e-05,P0,F4_KelvinOp
34.0,573,194,90,90,90,0.20411544453627195,0.30201342281879195,0.30201342281879195,0.30201342281879195,0.12300524945540503,0.12300524945540503,0.12300524945540503,True,False,0.37414434006142605,0.3739746344339413,0.00016970562748475082,0.0004535833081342056,1,1,0.6464755600835101,0.6387812623269402,0.007694297756569934,0.01190191591399991,1,1,5.280067505325749e-06,P0,F4_KelvinOp
35.0,573,200,95,95,95,0.2117461055962624,0.3114754098360656,0.3114754098360656,0.3114754098360656,0.12651926612458017,0.12651926612458017,0.12651926612458017,True,False,0.369755143041887,0.3697097934867293,4.534955515772543e-05,0.0001226475304295851,1,1,0.6239038436329741,0.6236329060148948,0.00027093761807928107,0.00043426181909958934,1,1,3.2733381914922212e-06,P0,F4_KelvinOp
36.0,573,206,104,104,104,0.21947416273996465,0.33766233766233766,0.33766233766233766,0.33766233766233766,0.15142122051623788,0.15142122051623788,0.15142122051623788,True,True,0.3663364782546232,0.3654368158792981,0.0008996623753250721,0.002455836174468433,1,1,0.6127266874705557,0.6127266874705557,0.0,0.0,3,1,5.473186450384396e-08,P0,F4_KelvinOp
37.0,573,212,113,113,113,0.22730149363603225,0.3633440514469453,0.3633440514469453,0.3633440514469453,0.17606162907066927,0.17606162907066927,0.17606162907066927,True,False,0.3574138745062272,0.3560487323387067,0.0013651421675204833,0.0038194996470309064,1,1,0.6002305258815149,0.5964798015021121,0.0037507243794028255,0.0062488064463139545,1,1,5.996190821387547e-10,P0,F4_KelvinOp
38.0,573,217,118,118,118,0.23390149173608848,0.37341772151898733,0.37341772151898733,0.37341772151898733,0.18211265036798271,0.18211265036798271,0.18211265036798271,True,False,0.34793808817086985,0.347076292477605,0.000861795693264833,0.002476865058940059,1,1,0.5696947543758285,0.5687825526508338,0.0009122017249947323,0.001601211382039427,1,1,1.991915544285599e-10,P0,F4_KelvinOp
39.0,573,223,124,124,124,0.24191586374086366,0.38509316770186336,0.38509316770186336,0.38509316770186336,0.18886729996425794,0.18886729996425794,0.18886729996425794,True,False,0.33682324415040005,0.3362240892619088,0.0005991548884912712,0.001778840679486281,1,1,0.5517625019987877,0.5475481418426044,0.004214360156183372,0.007637996675955032,1,1,5.772582477395915e-11,P0,F4_KelvinOp
40.0,573,229,127,127,127,0.25003509898592313,0.38368580060422963,0.38368580060422963,0.38368580060422963,0.17820927544420892,0.17820927544420892,0.17820927544420892,True,False,0.32621664243260184,0.32589137331325607,0.0003252691193457724,0.0009970954176961552,1,1,0.5343598947338835,0.5254200585246083,0.008939836209275187,0.016729990961854117,1,1,5.652004218471523e-10,P0,F4_KelvinOp
41.0,573,234,132,132,132,0.256882726086866,0.39285714285714285,0.39285714285714285,0.39285714285714285,0.18297840938921767,0.18297840938921767,0.18297840938921767,True,False,0.3175616554308785,0.31659301526242334,0.0009686401684551593,0.003050242848560779,1,1,0.5147454524325578,0.5142388334228221,0.0005066190097356982,0.0009842126964726818,1,1,2.4808961084997284e-10,P0,F4_KelvinOp
42.0,573,240,140,140,140,0.26519963409964514,0.4117647058823529,0.4117647058823529,0.4117647058823529,0.1994624371248384,0.1994624371248384,0.1994624371248384,True,False,0.30395692096084936,0.30351538346515483,0.0004415374956945328,0.001452631821308008,1,1,0.49695465393190086,0.495493727192907,0.0014609267389938396,0.002939758642835921,1,1,9.914453338193974e-12,P0,F4_KelvinOp
43.0,573,246,143,143,143,0.2736274229346693,0.40974212034383956,0.40974212034383956,0.40974212034383956,0.18738964232253494,0.18738964232253494,0.18738964232253494,True,False,0.293619019819902,0.29104582422704506,0.0025731955928569583,0.008763722440171918,1,1,0.4842524502777542,0.48404287599343787,0.0002095742843163384,0.0004327789858288424,1,1,1.4091512302371646e-10,P0,F4_KelvinOp
44.0,573,252,150,150,150,0.28216832632827377,0.423728813559322,0.423728813559322,0.423728813559322,0.19720568543174327,0.19720568543174327,0.19720568543174327,True,False,0.2834366597672221,0.27825273738226014,0.005183922384961959,0.018289526800165358,1,1,0.4764414780956839,0.4749848381264382,0.0014566399692456655,0.00305733240327394,1,1,2.274465751521683e-11,P0,F4_KelvinOp
45.0,573,257,155,155,155,0.28937380606327734,0.43175487465181056,0.43175487465181056,0.43175487465181056,0.20036000615143587,0.20036000615143587,0.20036000615143587,True,False,0.27321207733187786,0.27304791136355544,0.00016416596832241614,0.000600873760507298,1,1,0.4656093493734778,0.4640953974829188,0.0015139518905590288,0.003251549593229167,1,1,1.3849386365413909e-11,P0,F4_KelvinOp
46.0,573,263,159,159,159,0.2981280897313316,0.4332425068119891,0.4332425068119891,0.4332425068119891,0.19250580498219014,0.19250580498219014,0.19250580498219014,True,False,0.2648670798721502,0.2641505174335715,0.000716562438578705,0.0027053661743263284,1,1,0.4564913162372313,0.45363728440241774,0.0028540318348135862,0.006252105425222133,1,1,8.381022067113559e-11,P0,F4_KelvinOp
47.0,573,269,165,165,165,0.3070021521112328,0.44235924932975873,0.44235924932975873,0.44235924932975873,0.1953210931763991,0.1953210931763991,0.1953210931763991,True,False,0.2585374742663044,0.25769731760342407,0.0008401566628803425,0.0032496513910201894,1,1,0.43026504826159795,0.42936328258246736,0.0009017656791305839,0.0020958376302560302,1,1,5.7853766402989775e-11,P0,F4_KelvinOp
48.0,573,275,172,172,172,0.3159984701785904,0.455026455026455,0.455026455026455,0.455026455026455,0.20325683318890284,0.20325683318890284,0.20325683318890284,True,False,0.25325736474977384,0.25321493834290265,4.2426406871187705e-05,0.00016752289479560176,1,1,0.41871121850268106,0.41650913023561054,0.0022020882670705233,0.005259205318035736,1,1,1.4147457474185763e-11,P0,F4_KelvinOp
49.0,573,280,175,175,175,0.32359062621322854,0.45454545454545453,0.45454545454545453,0.45454545454545453,0.19360291771105417,0.19360291771105417,0.19360291771105417,True,False,0.24749101640261612,0.24718545305094314,0.0003055633516729772,0.001234644215028353,1,1,0.3952914172645401,0.3943534518677376,0.0009379653968024648,0.002372845338493024,1,1,1.1872184023239283e-10,P0,F4_KelvinOp
50.0,573,286,179,179,179,0.33281774305900164,0.455470737913486,0.455470737913486,0.455470737913486,0.1838373151840743,0.1838373151840743,0.1838373151840743,True,False,0.23800120171601566,0.2362788272359587,0.0017223744800569651,0.007236831022862279,1,1,0.3807389556525614,0.37818899084981317,0.002549964802748217,0.006697409773522507,1,1,9.58550371738216e-10,P0,F4_KelvinOp
1.0,207,2,0,0,0,0.006456857870956645,0.0,0.0,0.0,-0.006498819826907944,-0.006498819826907944,-0.006498819826907944,True,False,2.624089371648763,2.6176717085226713,0.0064176631260917105,0.0024456724665819505,1,1,5.928770290958318,5.358263209392087,0.5705070815662312,0.09622688240026504,1,1,1.0,P2,F1_Frobenius
2.0,207,4,0,0,0,0.011122815779594241,0.0,0.0,0.0,-0.011247924370267537,-0.011247924370267537,-0.011247924370267537,True,False,2.2830469147610613,2.1683862999013805,0.11466061485968071,0.05022262754144097,1,1,4.935196506258564,4.39035198489745,0.5448445213611146,0.11039976233371267,1,1,1.0,P2,F1_Frobenius
3.0,207,6,0,0,0,0.01600382210473546,0.0,0.0,0.0,-0.01626411002832055,-0.01626411002832055,-0.01626411002832055,True,False,2.13450295542077,2.0433168476768353,0.09118610774393465,0.04272006628632628,1,1,3.9068511718688312,3.7373250000102587,0.16952617185857255,0.043392021963682886,1,1,1.0,P2,F1_Frobenius
4.0,207,8,0,0,0,0.020966898074285582,0.0,0.0,0.0,-0.02141592356075053,-0.02141592356075053,-0.02141592356075053,True,True,1.977782698832205,1.8985439130818123,0.07923878575039267,0.0400644549055767,1,1,3.625784985117016,3.625784985117016,0.0,0.0,2,1,1.0,P2,F1_Frobenius
5.0,207,10,0,0,0,0.025991658248233813,0.0,0.0,0.0,-0.026685252203782456,-0.026685252203782456,-0.026685252203782456,True,False,1.8067021173951172,1.7892297826159724,0.017472334779144783,0.009670844247604136,1,1,3.348793455947977,3.317942179104289,0.030851276843687714,0.00921265442301049,1,1,1.0,P2,F1_Frobenius
6.0,207,12,0,0,0,0.031072415432779176,0.0,0.0,0.0,-0.03206887276994794,-0.03206887276994794,-0.03206887276994794,True,False,1.7806259645978433,1.7593641504532256,0.021261814144617697,0.011940640295796038,1,1,3.190925793026219,2.998063044167017,0.19286274885920207,0.06044100094107622,1,1,1.0,P2,F1_Frobenius
7.0,207,14,0,0,0,0.036207304103381195,0.0,0.0,0.0,-0.03756752282678118,-0.03756752282678118,-0.03756752282678118,True,False,1.7025668355163035,1.701129467794853,0.0014373677214505332,0.0008442357101444721,1,1,2.911032769430808,2.8119752277358345,0.0990575416949735,0.03402831556387534,1,1,1.0,P2,F1_Frobenius
8.0,207,16,0,0,0,0.04139582470386405,0.0,0.0,0.0,-0.04318343876509392,-0.04318343876509392,-0.04318343876509392,True,False,1.684342580415279,1.6667394992319586,0.017603081183320324,0.010451010018983334,1,1,2.8039182871118045,2.63937418764373,0.16454409946807447,0.05868362862940783,1,1,1.0,P2,F1_Frobenius
9.0,207,18,1,1,1,0.04663807212234519,0.02857142857142857,0.02857142857142857,0.02857142857142857,-0.018950456298518267,-0.018950456298518267,-0.018950456298518267,True,False,1.6526787455824559,1.6497715281820087,0.002907217400447193,0.0017590940817857484,1,1,2.425772264527411,2.22971080943247,0.1960614550949411,0.08082434528664949,1,1,0.8195567412940211,P2,F1_Frobenius
10.0,207,20,2,2,2,0.051934439199011924,0.05263157894736842,0.05263157894736842,0.05263157894736842,0.0007353286282939176,0.0007353286282939176,0.0007353286282939176,True,False,1.6316578130233066,1.6087599998756805,0.022897813147626067,0.014033465206285256,1,1,1.9122921472933971,1.9060731271386182,0.0062190201547789314,0.003252128689427059,1,1,0.6011758696832252,P2,F1_Frobenius
11.0,207,22,4,4,4,0.05728548595055176,0.1,0.1,0.1,0.0453101266744767,0.0453101266744767,0.0453101266744767,True,False,1.5586315947009415,1.5360666666521998,0.02256492804874166,0.014477396791812917,1,1,1.8392308311084826,1.7836094910733626,0.05562134003511998,0.030241630954825644,1,1,0.19080125357102973,P2,F1_Frobenius
12.0,207,24,4,4,4,0.06269187579404333,0.09090909090909091,0.09090909090909091,0.09090909090909091,0.030104524207503144,0.030104524207503144,0.030104524207503144,True,False,1.498565535804157,1.4800628172817532,0.018502718522403816,0.012346953189788212,1,1,1.7727628334208672,1.7351378496534502,0.037624983767416964,0.02122392406818048,1,1,0.29561366577394094,P2,F1_Frobenius
13.0,207,26,5,5,5,0.06815434199363612,0.10638297872340426,0.10638297872340426,0.10638297872340426,0.041024644372498704,0.041024644372498704,0.041024644372498704,True,False,1.4575040222586009,1.3408422913974634,0.11666173086113751,0.08004213304355365,1,1,1.7293281383531582,1.7078243697757682,0.021503768577390003,0.012434753185632008,1,1,0.21027566901230568,P2,F1_Frobenius
14.0,207,28,6,6,6,0.07367366895097721,0.12,0.12,0.12,0.05001081098122333,0.05001081098122333,0.05001081098122333,True,False,1.2918274025580971,1.2784384477556985,0.013388954802398656,0.010364352680463068,1,1,1.688212134460752,1.6631252750728522,0.025086859387899674,0.014860016034603915,1,1,0.1538146686295908,P2,F1_Frobenius
15.0,207,31,6,6,6,0.08206108652851644,0.10714285714285714,0.10714285714285714,0.10714285714285714,0.027324008434816045,0.027324008434816045,0.027324008434816045,True,False,1.242028220492594,1.2343892659124995,0.007638954580094559,0.00615038728915911,1,1,1.5052114469402607,1.498568972757986,0.006642474182274594,0.004412984099859973,1,1,0.3076989977311177,P2,F1_Frobenius
16.0,207,33,7,7,7,0.08772624567645379,0.11864406779661017,0.11864406779661017,0.11864406779661017,0.033890947726630635,0.033890947726630635,0.033890947726630635,True,False,1.2293428441244534,1.2273428224420428,0.0020000216824105355,0.0016269030986510236,1,1,1.4965414385843103,1.4640576244799015,0.032483814104408815,0.021705923582802805,1,1,0.2527351772483207,P2,F1_Frobenius
17.0,207,35,8,8,8,0.09345129076599037,0.12903225806451613,0.12903225806451613,0.12903225806451613,0.03924882020800622,0.03924882020800622,0.03924882020800622,True,False,1.209310918746705,1.2054534061505653,0.003857512596139756,0.0031898435186027848,1,1,1.4573952916419073,1.444049155984657,0.01334613565725018,0.009157526261948034,1,1,0.21275361656665498,P2,F1_Frobenius
18.0,207,37,8,8,8,0.09923714989278395,0.12121212121212122,0.12121212121212122,0.12121212121212122,0.024395956512551137,0.024395956512551137,0.024395956512551137,True,False,1.166691154676335,1.1544163757067898,0.012274778969545208,0.010521018283498081,1,1,1.4437857285622409,1.4314398692792796,0.01234585928296128,0.008551032912103658,1,1,0.32777484659942446,P2,F1_Frobenius
19.0,207,39,8,8,8,0.10508477630537333,0.11428571428571428,0.11428571428571428,0.11428571428571428,0.010281351503168308,0.010281351503168308,0.010281351503168308,True,False,1.143624358257553,1.1247183948437938,0.018905963413759164,0.01653162008770488,1,1,1.4251376272486809,1.413372969672195,0.011764657576485815,0.008255102771511435,1,1,0.4606296653379096,P2,F1_Frobenius
20.0,207,41,8,8,8,0.11099514776220629,0.10810810810810811,0.10810810810810811,0.10810810810810811,-0.0032474959465417386,-0.0032474959465417386,-0.0032474959465417386,True,False,1.0392518467628529,1.0360220322946805,0.0032298144681723873,0.0031078265371698678,1,1,1.3552211771884315,1.3274947458088102,0.027726431379621275,0.020458971455229968,1,1,0.5970211502688674,P2,F1_Frobenius
21.0,207,43,9,9,9,0.1169692662424416,0.11688311688311688,0.11688311688311688,0.11688311688311688,-9.75609976315607e-05,-9.75609976315607e-05,-9.75609976315607e-05,True,False,1.0103661717911976,0.9969341581568965,0.013432013634301132,0.013294203635587469,1,1,1.2962027969033223,1.2697649999996188,0.026437796903703514,0.02039634304667789,1,1,0.562921385973256,P2,F1_Frobenius
22.0,207,45,11,11,11,0.12300815790549867,0.13924050632911392,0.13924050632911392,0.13924050632911392,0.018509121344672794,0.018509121344672794,0.018509121344672794,True,False,0.9948489218971893,0.9788032378369005,0.016045684060288834,0.016128764586375098,1,1,1.239644419029737,1.2112698317448016,0.02837458728493547,0.02288929538935375,1,1,0.37725863730829173,P2,F1_Frobenius
23.0,207,47,12,12,12,0.12911287323072992,0.14634146341463414,0.14634146341463414,0.14634146341463414,0.019782804974758456,0.019782804974758456,0.019782804974758456,True,False,0.9776941144857116,0.973109481867277,0.00458463261843467,0.004689230047013515,1,1,1.2088016108256006,1.1687168760083269,0.040084734817273704,0.03316072253568242,1,1,0.3649143106910911,P2,F1_Frobenius
24.0,207,49,14,14,14,0.1352844872914943,0.16666666666666666,0.16666666666666666,0.16666666666666666,0.03629191209589325,0.03629191209589325,0.03629191209589325,True,False,0.9722166116663509,0.9715869898264385,0.000629621839912331,0.0006476147726309444,1,1,1.1639430416906145,1.1576487299695017,0.006294311721112722,0.005407748915247866,1,1,0.2298751165702461,P2,F1_Frobenius
25.0,207,51,16,16,16,0.1415241001326649,0.18604651162790697,0.18604651162790697,0.18604651162790697,0.05186215652893968,0.05186215652893968,0.05186215652893968,True,False,0.9556992408179469,0.9422269167774819,0.013472324040464945,0.014096824047840083,1,1,1.1536287617773753,1.1520548612370853,0.0015739005402899409,0.0013643041786380744,1,1,0.136501727763057,P2,F1_Frobenius
26.0,207,53,18,18,18,0.14783283723031132,0.20454545454545456,0.20454545454545456,0.20454545454545456,0.06655104748558668,0.06655104748558668,0.06655104748558668,True,False,0.8847245984485793,0.8799766999188103,0.004747898529768979,0.0053665270956574735,1,1,1.148614730185888,1.123214289038382,0.025400441147505948,0.022113978238286414,1,1,0.07755923258125255,P2,F1_Frobenius
27.0,207,55,20,20,20,0.1542118500188111,0.2222222222222222,0.2222222222222222,0.2222222222222222,0.08041064680904281,0.08041064680904281,0.08041064680904281,True,False,0.8577868130252412,0.8376121629370002,0.02017465008824093,0.023519422054401846,1,1,1.117629216287761,1.1170724930295255,0.0005567232582355253,0.0004981287623141227,1,1,0.04271817960442867,P2,F1_Frobenius
28.0,207,57,22,22,22,0.16066231647509882,0.2391304347826087,0.2391304347826087,0.2391304347826087,0.09348813933621261,0.09348813933621261,0.09348813933621261,True,False,0.8280591126242136,0.8159037955543534,0.012155317069860172,0.01467928664094836,1,1,1.05304245112491,1.0457609611672327,0.00728148995767719,0.006914716448419299,1,1,0.02305947894601595,P2,F1_Frobenius
29.0,207,60,24,24,24,0.17047463565771853,0.25,0.25,0.25,0.09586851440683307,0.09586851440683307,0.09586851440683307,True,False,0.796195472921066,0.7897589215070635,0.006436551414002456,0.008084134654004205,1,1,1.0184703131571007,1.001354446686379,0.017115866470721608,0.01680546428267022,1,1,0.02075563413731592,P2,F1_Frobenius
30.0,207,62,26,26,26,0.1771090699615144,0.2653061224489796,0.2653061224489796,0.2653061224489796,0.10717951707565952,0.10717951707565952,0.10717951707565952,True,False,0.7893175050637101,0.7760963416999206,0.013221163363789534,0.0167501205522135,1,1,0.9851602796499641,0.9453829648726894,0.03977731477727475,0.04037649060659244,1,1,0.011653009255386412,P2,F1_Frobenius
31.0,207,64,27,27,27,0.18381929942755854,0.26732673267326734,0.26732673267326734,0.26732673267326734,0.10231488344081098,0.10231488344081098,0.10231488344081098,True,False,0.7641413930026301,0.7507931010604719,0.013348291942158141,0.017468353454466245,1,1,0.8884653169370188,0.8764822965125993,0.011983020424419455,0.013487324936589397,1,1,0.015279409233061812,P2,F1_Frobenius
32.0,207,66,28,28,28,0.19060662994319472,0.2692307692307692,0.2692307692307692,0.2692307692307692,0.09713958897644104,0.09713958897644104,0.09713958897644104,True,False,0.701199664574934,0.6627666613522439,0.038433003222690054,0.05481035597184444,1,1,0.8741001798771225,0.8564396331887456,0.01766054668837691,0.02020425929995754,1,1,0.020200685873308335,P2,F1_Frobenius
33.0,207,68,30,30,30,0.19747239794244414,0.2830188679245283,0.2830188679245283,0.2830188679245283,0.10659629620558386,0.10659629620558386,0.10659629620558386,True,False,0.6603448472578551,0.62438,0.03596484725785509,0.054463735739292196,1,1,0.8501268932929955,0.8348105992379349,0.01531629405506063,0.0180164798642382,1,1,0.012574950700948849,P2,F1_Frobenius
34.0,207,70,31,31,31,0.2044179712589868,0.28440366972477066,0.28440366972477066,0.28440366972477066,0.10053733691340293,0.10053733691340293,0.10053733691340293,True,False,0.6216286705904097,0.6170866687913458,0.004542001799063944,0.007306615691888932,1,1,0.8251680883830358,0.8244629626604356,0.000705125722600175,0.0008545237419225812,1,1,0.017538256416979883,P2,F1_Frobenius
35.0,207,72,33,33,33,0.2114447500158511,0.2972972972972973,0.2972972972972973,0.2972972972972973,0.10887321754965422,0.10887321754965422,0.10887321754965422,True,False,0.61506,0.6148101153201694,0.00024988467983066975,0.0004062769157979217,1,1,0.8056105410636868,0.8009104999311697,0.0047000411325170965,0.00583413559399484,1,1,0.011552166332481855,P2,F1_Frobenius
36.0,207,74,35,35,35,0.21855416755207283,0.30973451327433627,0.30973451327433627,0.30973451327433627,0.11668159447038752,0.11668159447038752,0.11668159447038752,True,False,0.610429046818711,0.6093840582095991,0.001044988609111952,0.0017118920119512254,1,1,0.7857228247925601,0.7803100000079739,0.005412824784586157,0.006888974857024429,1,1,0.007705032151893097,P2,F1_Frobenius
37.0,207,76,36,36,36,0.2257476913868653,0.3103448275862069,0.3103448275862069,0.3103448275862069,0.10926300801204543,0.10926300801204543,0.10926300801204543,True,False,0.6084748931550092,0.6084626994319373,1.2193723071929341e-05,2.0039812996561856e-05,1,1,0.7743499999985081,0.770368940897799,0.003981059100709117,0.0051411623951918214,1,1,0.011793906408569055,P2,F1_Frobenius
38.0,207,78,37,37,37,0.2330268242220785,0.31092436974789917,0.31092436974789917,0.31092436974789917,0.10156488908078326,0.10156488908078326,0.10156488908078326,True,False,0.6053476105511609,0.6040688255488773,0.0012787850022836222,0.0021124804657596742,1,1,0.7698800000035648,0.7671282476222603,0.0027517523813045397,0.0035742614190416664,1,1,0.01794688082462166,P2,F1_Frobenius
39.0,207,80,38,38,38,0.24039310498392288,0.3114754098360656,0.3114754098360656,0.3114754098360656,0.09357775096372478,0.09357775096372478,0.09357775096372478,True,False,0.598028653159696,0.58548,0.012548653159696,0.020983364414723187,1,1,0.7613902395618155,0.752357444963464,0.00903279459835149,0.011863554494144704,1,1,0.02708070970725185,P2,F1_Frobenius
40.0,207,82,40,40,40,0.24784810990510914,0.3225806451612903,0.3225806451612903,0.3225806451612903,0.09935830281135499,0.09935830281135499,0.09935830281135499,True,False,0.5846708690365888,0.5799617597738664,0.0047091092627223885,0.008054290904696487,1,1,0.7091228504991219,0.7047199999999884,0.0044028504991335815,0.0062088684577497385,1,1,0.020892087243907904,P2,F1_Frobenius
41.0,207,84,43,43,43,0.25539345364871047,0.344,0.344,0.344,0.11899780734601119,0.11899780734601119,0.11899780734601119,True,False,0.5715270214084369,0.565176941850957,0.006350079557479904,0.011110724986950133,1,1,0.7042137479487318,0.7028000000019584,0.0014137479467734027,0.002007555164737179,1,1,0.00770142092099507,P2,F1_Frobenius
42.0,207,86,45,45,45,0.2630307904751997,0.3543307086614173,0.3543307086614173,0.3543307086614173,0.12388566171589178,0.12388566171589178,0.12388566171589178,True,False,0.56412,0.5576263399445904,0.0064936600554095225,0.01151113248140382,1,1,0.6973900000001996,0.6943870489143645,0.0030029510858350372,0.004305985296368141,1,1,0.006047070674547488,P2,F1_Frobenius
43.0,207,89,48,48,48,0.27466300217769113,0.36923076923076925,0.36923076923076925,0.36923076923076925,0.13037769662515558,0.13037769662515558,0.13037769662515558,True,False,0.55424,0.5539984183190417,0.00024158168095822496,0.0004358791876411392,1,1,0.6789600000632149,0.6779955199704494,0.0009644800927655073,0.0014205256460994888,1,1,0.004392223685163109,P2,F1_Frobenius
44.0,207,91,49,49,49,0.2825378300197272,0.3684210526315789,0.3684210526315789,0.3684210526315789,0.11970418261106805,0.11970418261106805,0.11970418261106805,True,False,0.5519613249132588,0.5359777285484911,0.01598359636476765,0.028957819403885744,1,1,0.673789999999999,0.6679697531224177,0.005820246877581314,0.00863807251158569,1,1,0.008229347176249348,P2,F1_Frobenius
45.0,207,93,52,52,52,0.2905107706055924,0.3880597014925373,0.3880597014925373,0.3880597014925373,0.13749177132711218,0.13749177132711218,0.13749177132711218,True,False,0.52796,0.5108026950790295,0.01715730492097045,0.03249735760468682,1,1,0.6563299999995097,0.6518529463000065,0.004477053699503242,0.006821345511414359,1,1,0.003126188022578636,P2,F1_Frobenius
46.0,207,95,54,54,54,0.29858367206809533,0.39705882352941174,0.39705882352941174,0.39705882352941174,0.14039472356120664,0.14039472356120664,0.14039472356120664,True,False,0.49814,0.49310678011968156,0.0050332198803184625,0.010104026740110133,1,1,0.5760954926051732,0.5726983782551842,0.0033971143499890166,0.005896790364782852,1,1,0.002742314098247372,P2,F1_Frobenius
47.0,207,97,55,55,55,0.30675842940529724,0.39568345323741005,0.39568345323741005,0.39568345323741005,0.12827422301843175,0.12827422301843175,0.12827422301843175,True,False,0.4756617457816005,0.46858738779442194,0.007074357987178537,0.014872665397033462,1,1,0.5606274357701703,0.5431156269214806,0.017511808848689636,0.031236089658424455,1,1,0.005710604344457377,P2,F1_Frobenius
48.0,207,99,57,57,57,0.31503698597261987,0.40425531914893614,0.40425531914893614,0.40425531914893614,0.13025277474726532,0.13025277474726532,0.13025277474726532,True,False,0.4570640440901034,0.4539639340300064,0.0031001100600970277,0.006782660111163517,1,1,0.5431156269214806,0.5394416099495245,0.003674016971956129,0.006764704953862963,2,2,0.005316074101740318,P2,F1_Frobenius
49.0,207,101,60,60,60,0.3234213350331762,0.4225352112676056,0.4225352112676056,0.4225352112676056,0.1464927603640731,0.1464927603640731,0.1464927603640731,True,False,0.4093565531416347,0.40335883701736347,0.005997716124271246,0.014651569831339858,1,1,0.5186022794211937,0.513260000000064,0.0053422794211297475,0.010301303393984705,1,1,0.002179198320720279,P2,F1_Frobenius
50.0,207,103,63,63,63,0.3319135213688942,0.4405594405594406,0.4405594405594406,0.4405594405594406,0.16262253864673243,0.16262253864673243,0.16262253864673243,True,False,0.36771426651681605,0.36424694755069675,0.0034673189661192927,0.00942938385003,1,1,0.5077383988499057,0.50398625571969,0.003752143130215657,0.0073899140555742,1,1,0.0008486299355640634,P2,F1_Frobenius
1.0,207,2,0,0,0,0.006456857870956645,0.0,0.0,0.0,-0.006498819826907944,-0.006498819826907944,-0.006498819826907944,True,False,1.2339822773443718,1.113768760411945,0.12021351693242677,0.09741916001511451,1,1,3.837600000000002,3.4477,0.3899000000000017,0.10159995830727576,1,1,1.0,P2,F3_Longitudinal
2.0,207,4,0,0,0,0.011122815779594241,0.0,0.0,0.0,-0.011247924370267537,-0.011247924370267537,-0.011247924370267537,True,False,1.0762386367963823,1.05331,0.02292863679638235,0.02130441708042889,1,1,3.4477,3.257829999999999,0.18987000000000132,0.055071496939989355,2,2,1.0,P2,F3_Longitudinal
3.0,207,6,0,0,0,0.01600382210473546,0.0,0.0,0.0,-0.01626411002832055,-0.01626411002832055,-0.01626411002832055,True,False,1.05171,1.04302,0.008689999999999864,0.008262734023637567,1,1,2.7310111108342277,2.529079632833915,0.20193147800031275,0.07394018911136169,1,1,1.0,P2,F3_Longitudinal
4.0,207,8,0,0,0,0.020966898074285582,0.0,0.0,0.0,-0.02141592356075053,-0.02141592356075053,-0.02141592356075053,True,False,1.02504,1.022187104594849,0.0028528954051509903,0.0027832039775530617,1,1,2.237207796955867,2.087012709887065,0.15019508706880158,0.06713506330219735,1,1,1.0,P2,F3_Longitudinal
5.0,207,10,0,0,0,0.025991658248233813,0.0,0.0,0.0,-0.026685252203782456,-0.026685252203782456,-0.026685252203782456,True,False,0.9994899999999999,0.9825899999999999,0.016900000000000026,0.016908623397932972,1,1,1.9731327548127462,1.8686625035375561,0.10447025127519005,0.052946387423944245,1,1,1.0,P2,F3_Longitudinal
6.0,207,12,0,0,0,0.031072415432779176,0.0,0.0,0.0,-0.03206887276994794,-0.03206887276994794,-0.03206887276994794,True,False,0.9791699999999999,0.97014,0.009029999999999871,0.009222096265204073,1,1,1.7896400786995597,1.648844345485623,0.14079573321393668,0.07867265317182982,1,1,1.0,P2,F3_Longitudinal
7.0,207,14,0,0,0,0.036207304103381195,0.0,0.0,0.0,-0.03756752282678118,-0.03756752282678118,-0.03756752282678118,True,False,0.9610699999999996,0.94836,0.012709999999999666,0.01322484314357921,1,1,1.561939999999999,1.5203999999999989,0.04154000000000013,0.026595131695199663,1,1,1.0,P2,F3_Longitudinal
8.0,207,16,1,1,1,0.04139582470386405,0.03225806451612903,0.03225806451612903,0.03225806451612903,-0.009532360095252185,-0.009532360095252185,-0.009532360095252185,True,False,0.8893185201461539,0.871340927391907,0.01797759275424682,0.020215021217923488,1,1,1.5042168443412685,1.4611499999999997,0.04306684434126873,0.028630741972663323,1,1,0.7377275030093844,P2,F3_Longitudinal
9.0,207,18,1,1,1,0.04663807212234519,0.02857142857142857,0.02857142857142857,0.02857142857142857,-0.018950456298518267,-0.018950456298518267,-0.018950456298518267,True,False,0.8516831687023494,0.8434510082591248,0.008232160443224612,0.009665754526730151,1,1,1.4485469169755376,1.3211820629812094,0.12736485399432818,0.08792594323438062,1,1,0.8195567412940211,P2,F3_Longitudinal
10.0,207,20,1,1,1,0.051934439199011924,0.02564102564102564,0.02564102564102564,0.02564102564102564,-0.027733750328164945,-0.027733750328164945,-0.027733750328164945,True,False,0.8185700000004686,0.81097,0.007600000000468676,0.009284483917642139,1,1,1.3124099999999999,1.244212924114412,0.06819707588558788,0.05196324005881385,1,1,0.8820379332865877,P2,F3_Longitudinal
11.0,207,22,1,1,1,0.05728548595055176,0.023255813953488372,0.023255813953488372,0.023255813953488372,-0.03609753694242839,-0.03609753694242839,-0.03609753694242839,True,False,0.8095599874419205,0.80344,0.006119987441920438,0.007559646643676913,1,1,1.227572045427987,1.2045899999999998,0.022982045427987208,0.018721545113040295,1,1,0.9268548351905516,P2,F3_Longitudinal
12.0,207,24,1,1,1,0.06269187579404333,0.02127659574468085,0.02127659574468085,0.02127659574468085,-0.04418534202341151,-0.04418534202341151,-0.04418534202341151,True,False,0.8025977032112663,0.78856,0.014037703211266295,0.017490335637767425,1,1,1.20296,1.199609999944569,0.0033500000554309572,0.0027847975455800337,1,1,0.9570606963073394,P2,F3_Longitudinal
13.0,207,26,1,1,1,0.06815434199363612,0.0196078431372549,0.0196078431372549,0.0196078431372549,-0.052097145529704965,-0.052097145529704965,-0.052097145529704965,True,False,0.78746,0.7874099999999999,5.0000000000105516e-05,6.349528864971619e-05,1,1,1.1669,1.11791,0.04899000000000009,0.04198303196503564,1,1,0.9761829206155198,P2,F3_Longitudinal
14.0,207,28,2,2,2,0.07367366895097721,0.037037037037037035,0.037037037037037035,0.037037037037037035,-0.0395504593639812,-0.0395504593639812,-0.0395504593639812,True,False,0.78707,0.78248,0.004590000000000094,0.005831755752347433,1,1,1.094779999999999,1.07248,0.022299999999998876,0.020369389283690694,1,1,0.9232981139986163,P2,F3_Longitudinal
15.0,207,31,3,3,3,0.08206108652851644,0.05084745762711865,0.05084745762711865,0.05084745762711865,-0.03400403713505656,-0.03400403713505656,-0.03400403713505656,True,False,0.77736,0.76462,0.012740000000000085,0.016388803128537723,1,1,1.0039300000000926,0.95642,0.047510000000092534,0.04732401661479202,1,1,0.8835753416223358,P2,F3_Longitudinal
16.0,207,33,3,3,3,0.08772624567645379,0.047619047619047616,0.047619047619047616,0.047619047619047616,-0.043963994214813056,-0.043963994214813056,-0.043963994214813056,True,False,0.7623752273936218,0.7465599999999999,0.015815227393621956,0.020744676407824042,1,1,0.9214600000000001,0.905260000000554,0.016199999999446102,0.01758079569318918,1,1,0.9322114195649773,P2,F3_Longitudinal
17.0,207,35,4,4,4,0.09345129076599037,0.06060606060606061,0.06060606060606061,0.06060606060606061,-0.03623107046027611,-0.03623107046027611,-0.03623107046027611,True,False,0.7193799999999999,0.7156299999999999,0.003750000000000031,0.005212822152409063,1,1,0.9014631633072969,0.9007299999999998,0.0007331633072971133,0.0008133036791068385,1,1,0.888268048275854,P2,F3_Longitudinal
18.0,207,37,4,4,4,0.09923714989278395,0.05714285714285714,0.05714285714285714,0.05714285714285714,-0.04673182596830721,-0.04673182596830721,-0.04673182596830721,True,False,0.71213,0.7036540120241731,0.008475987975826937,0.011902304320597275,1,1,0.8994899999999829,0.8992899999999999,0.00019999999998299156,0.00022234821952772722,1,1,0.9366099232032595,P2,F3_Longitudinal
19.0,207,39,6,6,6,0.10508477630537333,0.08333333333333333,0.08333333333333333,0.08333333333333333,-0.02430559051419409,-0.02430559051419409,-0.02430559051419409,True,False,0.6782341299894373,0.6563099999999994,0.021924129989437935,0.03232531218943431,1,1,0.8969020961806986,0.8760299999999995,0.020872096180699073,0.02327132054833996,1,1,0.7968181141714343,P2,F3_Longitudinal
20.0,207,41,8,8,8,0.11099514776220629,0.10810810810810811,0.10810810810810811,0.10810810810810811,-0.0032474959465417386,-0.0032474959465417386,-0.0032474959465417386,True,False,0.6321999999999997,0.627389999999999,0.004810000000000647,0.007608351787410076,1,1,0.8630836436968667,0.8436199999999999,0.019463643696866817,0.02255128322615144,1,1,0.5970211502688674,P2,F3_Longitudinal
21.0,207,43,10,10,10,0.1169692662424416,0.13157894736842105,0.13157894736842105,0.13157894736842105,0.01654492937500704,0.01654492937500704,0.01654492937500704,True,False,0.6240899999999998,0.6179499999999993,0.006140000000000478,0.00983832460061927,1,1,0.7918999999999999,0.7677500000934071,0.024149999906592834,0.030496274664216234,1,1,0.39657574954071323,P2,F3_Longitudinal
22.0,207,45,10,10,10,0.12300815790549867,0.125,0.125,0.125,0.002271220778683934,0.002271220778683934,0.002271220778683934,True,False,0.6101299999999996,0.5904799999999982,0.01965000000000139,0.03220625112681134,1,1,0.7462151220096978,0.74014,0.006075122009697731,0.00814124751765454,1,1,0.5371723963223378,P2,F3_Longitudinal
23.0,207,47,11,11,11,0.12911287323072992,0.13253012048192772,0.13253012048192772,0.13253012048192772,0.003923869289324276,0.003923869289324276,0.003923869289324276,True,False,0.5867699999999981,0.5844699999999996,0.0022999999999985254,0.003919764132451442,1,1,0.7095634808340491,0.7035799999999955,0.005983480834053534,0.008432622303250885,1,1,0.5190850739963161,P2,F3_Longitudinal
24.0,207,49,13,13,13,0.1352844872914943,0.15294117647058825,0.15294117647058825,0.15294117647058825,0.0204190730010021,0.0204190730010021,0.0204190730010021,True,False,0.5766499999999977,0.5747343473877101,0.001915652612287544,0.0033220369587922513,1,1,0.6718163202344324,0.6682636915780188,0.0035526286564135923,0.005288095197172184,1,1,0.3587133145126887,P2,F3_Longitudinal
25.0,207,51,14,14,14,0.1415241001326649,0.1590909090909091,0.1590909090909091,0.1590909090909091,0.020462786388014957,0.020462786388014957,0.020462786388014957,True,False,0.5608199999999943,0.5560099999999973,0.004809999999996983,0.008576726935553353,1,1,0.6682600000000001,0.6348825144893707,0.03337748551062936,0.049946855281820475,1,1,0.3580438038372861,P2,F3_Longitudinal
26.0,207,53,14,14,14,0.14783283723031132,0.15217391304347827,0.15217391304347827,0.15217391304347827,0.0050941599287371185,0.0050941599287371185,0.0050941599287371185,True,False,0.5485499999999954,0.5326599999999917,0.015890000000003734,0.028967277367612555,1,1,0.6136899999999992,0.6051246661394408,0.008565333860558355,0.01395710189274449,1,1,0.5043263905895388,P2,F3_Longitudinal
27.0,207,55,14,14,14,0.1542118500188111,0.14583333333333334,0.14583333333333334,0.14583333333333334,-0.009906164665069031,-0.009906164665069031,-0.009906164665069031,True,False,0.529664545121538,0.5284199999999942,0.0012445451215438164,0.002349685537774178,1,1,0.6048687075201009,0.5955761283910449,0.009292579129056011,0.0153629688782457,1,1,0.6498825084482152,P2,F3_Longitudinal
28.0,207,57,15,15,15,0.16066231647509882,0.15151515151515152,0.15151515151515152,0.15151515151515152,-0.010898074922041704,-0.010898074922041704,-0.010898074922041704,True,False,0.49297511310954983,0.490539999999995,0.002435113109554854,0.004939626859041297,1,1,0.586137598645465,0.5840041623125052,0.002133436332959815,0.0036398216696729244,1,1,0.6576841930306416,P2,F3_Longitudinal
29.0,207,60,19,19,19,0.17047463565771853,0.18811881188118812,0.18811881188118812,0.18811881188118812,0.021270207014657587,0.021270207014657587,0.021270207014657587,True,False,0.43647999999998893,0.4210602292697826,0.01541977073020634,0.03532755390901469,1,1,0.550938418875097,0.5414621764567988,0.009476242418298142,0.01720018443739444,1,1,0.3509917435723541,P2,F3_Longitudinal
30.0,207,62,23,23,23,0.1771090699615144,0.22772277227722773,0.22772277227722773,0.22772277227722773,0.06150718214058598,0.06150718214058598,0.06150718214058598,True,False,0.4198399999999899,0.4190599999999871,0.0007800000000027785,0.0018578506097627603,1,1,0.5412735753688636,0.5289900000000001,0.012283575368863486,0.02269383898981685,1,1,0.09733113192610236,P2,F3_Longitudinal
31.0,207,64,24,24,24,0.18381929942755854,0.23076923076923078,0.23076923076923078,0.23076923076923078,0.05752394207403232,0.05752394207403232,0.05752394207403232,True,False,0.4148699999999893,0.41211999999998805,0.0027500000000012514,0.0066285824475168665,1,1,0.5263663914183864,0.5100699999999984,0.016296391418388012,0.030960167070079328,1,1,0.11406534949258319,P2,F3_Longitudinal
32.0,207,66,26,26,26,0.19060662994319472,0.24528301886792453,0.24528301886792453,0.24528301886792453,0.06755230639076336,0.06755230639076336,0.06755230639076336,True,False,0.4116137497791183,0.40567999999999,0.005933749779128306,0.014415820128245221,1,1,0.5064799999999967,0.48388999999998356,0.022590000000013155,0.04460195861635859,1,1,0.07773715142456075,P2,F3_Longitudinal
33.0,207,68,28,28,28,0.19747239794244414,0.25925925925925924,0.25925925925925924,0.25925925925925924,0.07699032551454082,0.07699032551454082,0.07699032551454082,True,False,0.40436458153501775,0.40269999999998535,0.0016645815350324056,0.004116536440242736,1,1,0.47868245664791326,0.4665376205788676,0.01214483606904565,0.02537138326332811,1,1,0.0527638321854017,P2,F3_Longitudinal
34.0,207,70,31,31,31,0.2044179712589868,0.28440366972477066,0.28440366972477066,0.28440366972477066,0.10053733691340293,0.10053733691340293,0.10053733691340293,True,False,0.3816599999999848,0.380109999999982,0.0015500000000027714,0.004061206309287935,1,1,0.4651004792334697,0.46450999999999787,0.0005904792334718301,0.001269573478928675,1,1,0.017538256416979883,P2,F3_Longitudinal
35.0,207,72,34,34,34,0.2114447500158511,0.3090909090909091,0.3090909090909091,0.3090909090909091,0.1238291915208488,0.1238291915208488,0.1238291915208488,True,False,0.3781699999999835,0.3760199999999822,0.0021500000000013175,0.005685273818656718,1,1,0.4644090095307496,0.45644541259036586,0.007963596940383733,0.0171478088860299,1,1,0.005016817802742871,P2,F3_Longitudinal
36.0,207,74,37,37,37,0.21855416755207283,0.3333333333333333,0.3333333333333333,0.3333333333333333,0.14688051431755375,0.14688051431755375,0.14688051431755375,True,False,0.3756099999999823,0.3539272620186021,0.021682737981380207,0.05772673246553933,1,1,0.4222799999999977,0.4188214322755357,0.003458567724462014,0.008190223843094707,1,1,0.0012523926247180984,P2,F3_Longitudinal
37.0,207,76,40,40,40,0.2257476913868653,0.35714285714285715,0.35714285714285715,0.35714285714285715,0.16970587532551376,0.16970587532551376,0.16970587532551376,True,False,0.3490299999999749,0.32563999999997095,0.023390000000003963,0.0670142967653372,1,1,0.41845999999999367,0.40705999999999076,0.011400000000002908,0.027242747215989772,1,1,0.0002763122188970402,P2,F3_Longitudinal
38.0,207,78,41,41,41,0.2330268242220785,0.3565217391304348,0.3565217391304348,0.3565217391304348,0.16101595050322134,0.16101595050322134,0.16101595050322134,True,True,0.31218999999996505,0.3093943374415072,0.0027956625584578676,0.008955003550588361,1,1,0.40328999999999476,0.40328999999999476,0.0,0.0,2,1,0.0005234989028404639,P2,F3_Longitudinal
39.0,207,80,42,42,42,0.24039310498392288,0.3559322033898305,0.3559322033898305,0.3559322033898305,0.15210380417026392,0.15210380417026392,0.15210380417026392,True,False,0.3075299999999632,0.2946099999999437,0.012920000000019527,0.04201216141521501,1,1,0.3982199999999958,0.3935334904850299,0.004686509514965909,0.011768644254346738,1,1,0.000983539547238014,P2,F3_Longitudinal
40.0,207,82,43,43,43,0.24784810990510914,0.35537190082644626,0.35537190082644626,0.35537190082644626,0.14295489027857392,0.14295489027857392,0.14295489027857392,True,False,0.29273999999987144,0.2872663999379438,0.005473600061927653,0.018697820803204403,1,1,0.3901550202954072,0.3871750123704735,0.002980007924933692,0.0076380099445532415,1,1,0.001827869697907705,P2,F3_Longitudinal
41.0,207,84,43,43,43,0.25539345364871047,0.344,0.344,0.344,0.11899780734601119,0.11899780734601119,0.11899780734601119,True,False,0.28205999999948567,0.277119999999044,0.004940000000441647,0.017514004114197883,1,1,0.38494001715951753,0.37209455048911844,0.012845466670399097,0.03337004753412267,1,1,0.00770142092099507,P2,F3_Longitudinal
42.0,207,86,43,43,43,0.2630307904751997,0.3333333333333333,0.3333333333333333,0.3333333333333333,0.09539413851966062,0.09539413851966062,0.09539413851966062,True,False,0.27345348138831965,0.27339651913908697,5.696224923268378e-05,0.00020830690815668978,1,1,0.37039329169590784,0.3611980264086123,0.009195265287295529,0.02482567987447468,1,1,0.026398579932302622,P2,F3_Longitudinal
43.0,207,89,46,46,46,0.27466300217769113,0.3484848484848485,0.3484848484848485,0.3484848484848485,0.1017759283323392,0.1017759283323392,0.1017759283323392,True,False,0.2628675775619744,0.2585327824689381,0.004334795093036248,0.016490413664706386,1,1,0.3523600215540394,0.35140000860568016,0.0009600129483592346,0.0027245229016765824,1,1,0.020105159629733454,P2,F3_Longitudinal
44.0,207,91,49,49,49,0.2825378300197272,0.3684210526315789,0.3684210526315789,0.3684210526315789,0.11970418261106805,0.11970418261106805,0.11970418261106805,True,False,0.25852916034996865,0.2500044174949933,0.008524742854975342,0.032974008980013986,1,1,0.3486950017442926,0.3394800603458584,0.009214941398434151,0.026426938592001143,1,1,0.008229347176249348,P2,F3_Longitudinal
45.0,207,93,53,53,53,0.2905107706055924,0.39849624060150374,0.39849624060150374,0.39849624060150374,0.15220170444036699,0.15220170444036699,0.15220170444036699,True,False,0.24906999999992432,0.24475953811387852,0.004310461886045808,0.01730622670754052,1,1,0.3335599999999897,0.33153761857944203,0.00202238142054767,0.006063021407086378,1,1,0.0012752106201505179,P2,F3_Longitudinal
46.0,207,95,56,56,56,0.29858367206809533,0.417910447761194,0.417910447761194,0.417910447761194,0.1701226089859192,0.1701226089859192,0.1701226089859192,True,False,0.24233999999994146,0.23879999999993234,0.003540000000009119,0.014607576132747274,1,1,0.32816500401655124,0.32229999999999026,0.005865004016560982,0.017872119040046014,1,1,0.00041537998874197724,P2,F3_Longitudinal
47.0,207,97,58,58,58,0.30675842940529724,0.4264705882352941,0.4264705882352941,0.4264705882352941,0.17268462237095913,0.17268462237095913,0.17268462237095913,True,False,0.2378225513960234,0.2349789988066578,0.002843552589365611,0.011956614596361435,1,1,0.3196057130161867,0.3068299999999814,0.012775713016205281,0.03997335621956872,1,1,0.0003692179185551334,P2,F3_Longitudinal
48.0,207,99,59,59,59,0.31503698597261987,0.4244604316546763,0.4244604316546763,0.4244604316546763,0.15975088207855034,0.15975088207855034,0.15975088207855034,True,False,0.23346999999993262,0.23245276538099435,0.0010172346189382675,0.004357024966542001,1,1,0.3067808390365856,0.27593999999995367,0.03084083903663193,0.10053052574432121,1,1,0.0009143585759033867,P2,F3_Longitudinal
49.0,207,101,62,62,62,0.3234213350331762,0.44285714285714284,0.44285714285714284,0.44285714285714284,0.17652907785648725,0.17652907785648725,0.17652907785648725,True,False,0.22089421299094242,0.21400065077464797,0.0068935622162944465,0.03120752745377314,1,1,0.2754599999999664,0.2739799999999664,0.0014799999999999813,0.005372830901038851,1,1,0.0003203268420132504,P2,F3_Longitudinal
50.0,207,103,64,64,64,0.3319135213688942,0.4507042253521127,0.4507042253521127,0.4507042253521127,0.17780737641423006,0.17780737641423006,0.17780737641423006,True,False,0.20672999999988523,0.2002413067628543,0.00648869323703094,0.031387284076014814,1,1,0.27157401962139305,0.2652099999999561,0.006364019621436956,0.02343383078509928,1,1,0.00031281017948845606,P2,F3_Longitudinal
1.0,207,2,0,0,0,0.006456857870956645,0.0,0.0,0.0,-0.006498819826907944,-0.006498819826907944,-0.006498819826907944,True,False,1.5150187050990493,1.5113134655656317,0.0037052395334176147,0.0024456724665821022,1,1,4.373519081249103,3.8545109108419964,0.519008170407107,0.1186706084425897,1,1,1.0,P2,F4_KelvinOp
2.0,207,4,0,0,0,0.011122815779594241,0.0,0.0,0.0,-0.011247924370267537,-0.011247924370267537,-0.011247924370267537,True,False,1.3181177508098434,1.27754971891508,0.040568031894763434,0.030777244195246356,1,1,3.78886425074424,3.578256032734382,0.21060821800985785,0.055586108150612275,1,1,1.0,P2,F4_KelvinOp
3.0,207,6,0,0,0,0.01600382210473546,0.0,0.0,0.0,-0.01626411002832055,-0.01626411002832055,-0.01626411002832055,True,False,1.2737454067434355,1.2672708068128138,0.006474599930621716,0.005083119355205544,1,1,3.578256032734382,3.477412886867259,0.10084314586712306,0.028182205226399675,2,2,1.0,P2,F4_KelvinOp
4.0,207,8,0,0,0,0.020966898074285582,0.0,0.0,0.0,-0.02141592356075053,-0.02141592356075053,-0.02141592356075053,True,False,1.2521729225224856,1.2519184139551587,0.0002545085673268943,0.00020325353052211848,1,1,3.2619833856259897,3.0890933741758455,0.17289001145014415,0.05300149970474658,1,1,1.0,P2,F4_KelvinOp
5.0,207,10,0,0,0,0.025991658248233813,0.0,0.0,0.0,-0.026685252203782456,-0.026685252203782456,-0.026685252203782456,True,False,1.2402170408037456,1.2358812321578478,0.004335808645897776,0.0034960079592906376,1,1,2.6426878526704694,2.6119322286001214,0.03075562407034793,0.011638008643082454,1,1,1.0,P2,F4_KelvinOp
6.0,207,12,0,0,0,0.031072415432779176,0.0,0.0,0.0,-0.03206887276994794,-0.03206887276994794,-0.03206887276994794,True,False,1.2223007150042906,1.2187695467560715,0.0035311682482190854,0.002888952125178696,1,1,2.4553717291277914,2.440293023470747,0.015078705657044278,0.006141109094874447,1,1,1.0,P2,F4_KelvinOp
7.0,207,14,0,0,0,0.036207304103381195,0.0,0.0,0.0,-0.03756752282678118,-0.03756752282678118,-0.03756752282678118,True,False,1.1929789153208032,1.1911920835868581,0.0017868317339451156,0.0014977898695423464,1,1,2.322582962763224,2.252014085435524,0.07056887732770001,0.03038379186409892,1,1,1.0,P2,F4_KelvinOp
8.0,207,16,1,1,1,0.04139582470386405,0.03225806451612903,0.03225806451612903,0.03225806451612903,-0.009532360095252185,-0.009532360095252185,-0.009532360095252185,True,False,1.1861938603786484,1.1525951435347972,0.033598716843851184,0.02832481094879891,1,1,1.8811146414640094,1.8422818655678075,0.03883277589620193,0.020643492448700344,1,1,0.7377275030093844,P2,F4_KelvinOp
9.0,207,18,1,1,1,0.04663807212234519,0.02857142857142857,0.02857142857142857,0.02857142857142857,-0.018950456298518267,-0.018950456298518267,-0.018950456298518267,True,False,1.0624420808684114,1.0453866653061918,0.017055415562219567,0.016053030908074473,1,1,1.675678528149127,1.6703818312060121,0.005296696943114965,0.0031609266659073554,1,1,0.8195567412940211,P2,F4_KelvinOp
10.0,207,20,1,1,1,0.051934439199011924,0.02564102564102564,0.02564102564102564,0.02564102564102564,-0.027733750328164945,-0.027733750328164945,-0.027733750328164945,True,False,1.0346954694015047,1.0330122966354274,0.0016831727660773232,0.001626732517782179,1,1,1.6700031613443131,1.6045568512748827,0.06544631006943047,0.03918933304099121,1,1,0.8820379332865877,P2,F4_KelvinOp
11.0,207,22,1,1,1,0.05728548595055176,0.023255813953488372,0.023255813953488372,0.023255813953488372,-0.03609753694242839,-0.03609753694242839,-0.03609753694242839,True,False,0.9886832731972358,0.9829774207986672,0.005705852398568578,0.005771163074415944,1,1,1.5784585446251032,1.5332114525074485,0.04524709211765465,0.028665366139470714,1,1,0.9268548351905516,P2,F4_KelvinOp
12.0,207,24,1,1,1,0.06269187579404333,0.02127659574468085,0.02127659574468085,0.02127659574468085,-0.04418534202341151,-0.04418534202341151,-0.04418534202341151,True,False,0.9771870007322037,0.9634995404254223,0.013687460306781363,0.014007002033925324,1,1,1.5238433977282575,1.4696162985963377,0.05422709913191981,0.035585742742831356,1,1,0.9570606963073394,P2,F4_KelvinOp
13.0,207,26,1,1,1,0.06815434199363612,0.0196078431372549,0.0196078431372549,0.0196078431372549,-0.052097145529704965,-0.052097145529704965,-0.052097145529704965,True,False,0.9620894864824167,0.9614500154974255,0.000639470984991175,0.0006646689252672362,1,1,1.460852038982729,1.4588063071566424,0.002045731826086694,0.0014003689432581063,1,1,0.9761829206155198,P2,F4_KelvinOp
14.0,207,28,1,1,1,0.07367366895097721,0.01818181818181818,0.01818181818181818,0.01818181818181818,-0.059905293533345866,-0.059905293533345866,-0.059905293533345866,True,False,0.9614070443365808,0.9540548371031929,0.007352207233387809,0.007647340714526594,1,1,1.376250128065389,1.3061378833560913,0.07011224470929767,0.050944405584074516,1,1,0.9875441381707155,P2,F4_KelvinOp
15.0,207,31,2,2,2,0.08206108652851644,0.03333333333333333,0.03333333333333333,0.03333333333333333,-0.05308387353457249,-0.05308387353457249,-0.05308387353457249,True,False,0.9466024729526118,0.9458143852786338,0.0007880876739779774,0.0008325434345420626,1,1,1.2643280363101976,1.2344215787971307,0.029906457513066975,0.023654033331686357,1,1,0.9681681170989922,P2,F4_KelvinOp
16.0,207,33,4,4,4,0.08772624567645379,0.06451612903225806,0.06451612903225806,0.06451612903225806,-0.025442052381969598,-0.025442052381969598,-0.025442052381969598,True,False,0.9384716453894599,0.9264607416938938,0.012010903695566122,0.012798366103625508,1,1,1.1980372333529539,1.148539402545684,0.04949783080726977,0.04131577001888322,1,1,0.8175983599271651,P2,F4_KelvinOp
17.0,207,35,6,6,6,0.09345129076599037,0.09375,0.09375,0.09375,0.00032950158217314146,0.00032950158217314146,0.00032950158217314146,True,False,0.925565029806118,0.9024255910600052,0.023139438746112795,0.025000338172845523,1,1,1.1376698293441732,1.136009712502494,0.0016601168416792156,0.0014592255141689175,1,1,0.5675976121731474,P2,F4_KelvinOp
18.0,207,37,7,7,7,0.09923714989278395,0.1044776119402985,0.1044776119402985,0.1044776119402985,0.005817804372028428,0.005817804372028428,0.005817804372028428,True,False,0.8978879934602088,0.8971731477256774,0.0007148457345313997,0.0007961413224566958,1,1,1.133975799080386,1.1223945260914394,0.011581272988946623,0.010212980734102635,1,1,0.5080863198783669,P2,F4_KelvinOp
19.0,207,39,9,9,9,0.10508477630537333,0.13043478260869565,0.13043478260869565,0.13043478260869565,0.02832671255570521,0.02832671255570521,0.02832671255570521,True,False,0.8818006035380108,0.880339025660001,0.0014615778780098232,0.0016574924899638273,1,1,1.1040623860090504,1.0939928151043772,0.010069570904673197,0.009120472748892881,1,1,0.2930362062141703,P2,F4_KelvinOp
20.0,207,41,9,9,9,0.11099514776220629,0.1232876712328767,0.1232876712328767,0.1232876712328767,0.013827285013943183,0.013827285013943183,0.013827285013943183,True,False,0.8664635351242428,0.8355672416987157,0.030896293425527133,0.035657926932951535,1,1,1.0805772801311258,1.0074298637622372,0.07314741636888855,0.06769290611034527,1,1,0.42393454460704616,P2,F4_KelvinOp
21.0,207,43,11,11,11,0.1169692662424416,0.14666666666666667,0.14666666666666667,0.14666666666666667,0.03363121949091602,0.03363121949091602,0.03363121949091602,True,False,0.7887634722779701,0.7515785799901431,0.037184892287826954,0.04714327373760855,1,1,0.9924422710163041,0.9465211914690553,0.04592107954724878,0.046270781574250755,1,1,0.24978524899413349,P2,F4_KelvinOp
22.0,207,45,12,12,12,0.12300815790549867,0.15384615384615385,0.15384615384615385,0.15384615384615385,0.03516337833543063,0.03516337833543063,0.03516337833543063,True,False,0.7511711673779818,0.7486717628573955,0.00249940452058639,0.003327343525858088,1,1,0.9301989706509034,0.9140031796822975,0.016195790968605905,0.01741110394615139,1,1,0.23812912396155417,P2,F4_KelvinOp
23.0,207,47,14,14,14,0.12911287323072992,0.175,0.175,0.175,0.05269009652203442,0.05269009652203442,0.05269009652203442,True,False,0.7332173001914234,0.7282424204892215,0.004974879702201895,0.0067850004369824435,1,1,0.9115730608501108,0.8978594488435123,0.013713612006598486,0.015043897846004253,1,1,0.13209273952123207,P2,F4_KelvinOp
24.0,207,49,15,15,15,0.1352844872914943,0.18072289156626506,0.18072289156626506,0.18072289156626506,0.05254722924126373,0.05254722924126373,0.05254722924126373,True,False,0.7257708141693217,0.6818086936230721,0.043962120546249595,0.06057300691619334,1,1,0.8797610439488669,0.8765610189300987,0.003200025018768149,0.0036373797644012745,1,1,0.13290978292715322,P2,F4_KelvinOp
25.0,207,51,15,15,15,0.1415241001326649,0.1724137931034483,0.1724137931034483,0.1724137931034483,0.03598201530824214,0.03598201530824214,0.03598201530824214,True,False,0.6746004821188887,0.6453633811272529,0.02923710099163579,0.043339875625056506,1,1,0.8690342340782656,0.85770675647333,0.011327477604935687,0.013034558548720567,1,1,0.2322073453539752,P2,F4_KelvinOp
26.0,207,53,15,15,15,0.14783283723031132,0.16483516483516483,0.16483516483516483,0.16483516483516483,0.019951869008415023,0.019951869008415023,0.019951869008415023,True,False,0.6224744234071903,0.6125078420722465,0.00996658133494377,0.016011230277367,1,1,0.8228035927242906,0.8145516565878421,0.008251936136448479,0.010029047283479208,1,1,0.3624765889261332,P2,F4_KelvinOp
27.0,207,55,17,17,17,0.1542118500188111,0.1827956989247312,0.1827956989247312,0.1827956989247312,0.03379551830627541,0.03379551830627541,0.03379551830627541,True,False,0.5934789805039433,0.5823731449852406,0.0111058355187027,0.018713106754467284,1,1,0.8073281295302336,0.7956748991893611,0.011653230340872511,0.014434317243043754,1,1,0.2486123932866026,P2,F4_KelvinOp
28.0,207,57,18,18,18,0.16066231647509882,0.1875,0.1875,0.1875,0.0319748345054556,0.0319748345054556,0.0319748345054556,True,False,0.5769311066323258,0.5670403303116984,0.009890776320627404,0.017143773679256173,1,1,0.7680148161639252,0.739661977392376,0.02835283877154915,0.036917046617883885,1,1,0.2626325892852321,P2,F4_KelvinOp
29.0,207,60,21,21,21,0.17047463565771853,0.21212121212121213,0.21212121212121213,0.21212121212121213,0.05020530806374384,0.05020530806374384,0.05020530806374384,True,False,0.5621512461962527,0.5605144619900543,0.001636784206198394,0.0029116438276594625,1,1,0.6747590029698661,0.6643197498569482,0.010439253112917934,0.015471083849153381,1,1,0.14708846890920682,P2,F4_KelvinOp
30.0,207,62,23,23,23,0.1771090699615144,0.22772277227722773,0.22772277227722773,0.22772277227722773,0.06150718214058598,0.06150718214058598,0.06150718214058598,True,False,0.551457616413084,0.5391096398692942,0.01234797654378983,0.022391524164824025,1,1,0.6631530236679919,0.6597003841896709,0.0034526394783209735,0.005206399360473308,1,1,0.09733113192610236,P2,F4_KelvinOp
31.0,207,64,23,23,23,0.18381929942755854,0.21904761904761905,0.21904761904761905,0.21904761904761905,0.04316240214373185,0.04316240214373185,0.04316240214373185,True,False,0.5318160454518085,0.5308884187849646,0.0009276266668438726,0.0017442622778630157,1,1,0.6387812623269402,0.6259754368819966,0.012805825444943575,0.020047277840140078,1,1,0.1882492361924187,P2,F4_KelvinOp
32.0,207,66,27,27,27,0.19060662994319472,0.2571428571428571,0.2571428571428571,0.2571428571428571,0.08220505586176562,0.08220505586176562,0.08220505586176562,True,False,0.5308744429712171,0.5174458954325563,0.013428547538660851,0.025295147876216218,1,1,0.6236329060148948,0.621385302127432,0.0022476038874628124,0.003604049539055482,1,1,0.041344081574273814,P2,F4_KelvinOp
33.0,207,68,29,29,29,0.19747239794244414,0.27102803738317754,0.27102803738317754,0.27102803738317754,0.09165496520262754,0.09165496520262754,0.09165496520262754,True,False,0.5139696247834108,0.49661782831469115,0.01735179646871965,0.03376035398207001,1,1,0.6194843056123372,0.5940438695079683,0.02544043610436897,0.04106711965724788,1,1,0.02686433078430985,P2,F4_KelvinOp
34.0,207,70,32,32,32,0.2044179712589868,0.2962962962962963,0.2962962962962963,0.2962962962962963,0.11548567177001776,0.11548567177001776,0.11548567177001776,True,False,0.4952434474074342,0.48166441554260575,0.01357903186482845,0.027418902634479585,1,1,0.5687825526508338,0.5610636862487146,0.007718866402119162,0.013570856500687437,1,1,0.007893925079861013,P2,F4_KelvinOp
35.0,207,72,34,34,34,0.2114447500158511,0.3090909090909091,0.3090909090909091,0.3090909090909091,0.1238291915208488,0.1238291915208488,0.1238291915208488,True,False,0.4733164457316057,0.46215343620923127,0.011163009522374423,0.02358466438900036,1,1,0.5517625019987877,0.5475481418426044,0.004214360156183372,0.007637996675955032,1,1,0.005016817802742871,P2,F4_KelvinOp
36.0,207,74,35,35,35,0.21855416755207283,0.30973451327433627,0.30973451327433627,0.30973451327433627,0.11668159447038752,0.11668159447038752,0.11668159447038752,True,False,0.46197828650273165,0.45614621362015045,0.005832072882581196,0.012624127698146073,1,1,0.5443873767906626,0.5254200585246083,0.018967318266054356,0.034841583539046685,1,1,0.007705032151893097,P2,F4_KelvinOp
37.0,207,76,36,36,36,0.2257476913868653,0.3103448275862069,0.3103448275862069,0.3103448275862069,0.10926300801204543,0.10926300801204543,0.10926300801204543,True,False,0.4415033320372566,0.4371626810467701,0.004340650990486528,0.009831524873112936,1,1,0.5147454524325578,0.5142388334228221,0.0005066190097356982,0.0009842126964726818,1,1,0.011793906408569055,P2,F4_KelvinOp
38.0,207,78,38,38,38,0.2330268242220785,0.3220338983050847,0.3220338983050847,0.3220338983050847,0.11604978752057217,0.11604978752057217,0.11604978752057217,True,False,0.434913096836598,0.4334705990029774,0.001442497833620604,0.0033167495854064095,1,1,0.5111179946450708,0.4983123111591446,0.0128056834859262,0.025054260699270997,1,1,0.008364593255072042,P2,F4_KelvinOp
39.0,207,80,40,40,40,0.24039310498392288,0.3333333333333333,0.3333333333333333,0.3333333333333333,0.12235306045693983,0.12235306045693983,0.12235306045693983,True,False,0.42714116284900483,0.4213469265344178,0.005794236314587031,0.013565155547032361,1,1,0.49695465393190086,0.4946141223721781,0.002340531559722747,0.0047097487491152,1,1,0.006040046795358426,P2,F4_KelvinOp
40.0,207,82,41,41,41,0.24784810990510914,0.3333333333333333,0.3333333333333333,0.3333333333333333,0.1136542027667303,0.1136542027667303,0.1136542027667303,True,False,0.4146108693703049,0.41399687824909986,0.0006139911212050264,0.0014808852506388282,1,1,0.49312919977629094,0.48197812419237457,0.01115107558391637,0.022612888445817197,1,1,0.010019196621567557,P2,F4_KelvinOp
41.0,207,84,43,43,43,0.25539345364871047,0.344,0.344,0.344,0.11899780734601119,0.11899780734601119,0.11899780734601119,True,False,0.3988930774029552,0.3919068624048321,0.00698621499812313,0.01751400411260026,1,1,0.48011136229004203,0.4800972770639589,1.4085226083149216e-05,2.9337414586410335e-05,1,1,0.00770142092099507,P2,F4_KelvinOp
42.0,207,86,44,44,44,0.2630307904751997,0.34375,0.34375,0.34375,0.10952860510529094,0.10952860510529094,0.10952860510529094,True,False,0.37464931068934315,0.37332409619524964,0.0013252144940935073,0.0035372132185567183,1,1,0.47796427005249914,0.4764414780956839,0.0015227919568152615,0.0031859953813032915,1,1,0.01311372618958773,P2,F4_KelvinOp
43.0,207,89,47,47,47,0.27466300217769113,0.35877862595419846,0.35877862595419846,0.35877862595419846,0.1159676454241946,0.1159676454241946,0.1159676454241946,True,False,0.3522381719802668,0.3518280500471786,0.00041012193308820333,0.001164331312482451,1,1,0.47393926066533265,0.46820368409486063,0.005735576570472023,0.012101923276877756,1,1,0.00975160729732149,P2,F4_KelvinOp
44.0,207,91,49,49,49,0.2825378300197272,0.3684210526315789,0.3684210526315789,0.3684210526315789,0.11970418261106805,0.11970418261106805,0.11970418261106805,True,False,0.33682324415040005,0.3362240892619088,0.0005991548884912712,0.001778840679486281,1,1,0.466211237152682,0.4640953974829188,0.0021158396697631976,0.0045383712385085005,1,1,0.008229347176249348,P2,F4_KelvinOp
45.0,207,93,51,51,51,0.2905107706055924,0.37777777777777777,0.37777777777777777,0.37777777777777777,0.12299976314886853,0.12299976314886853,0.12299976314886853,True,False,0.3341503805175149,0.32804272694269565,0.006107653574819238,0.018278158370970635,1,1,0.4637863055589226,0.460261225066808,0.003525080492114585,0.007600656703018444,1,1,0.007109357081318509,P2,F4_KelvinOp
46.0,207,95,53,53,53,0.29858367206809533,0.38686131386861317,0.38686131386861317,0.38686131386861317,0.12585626864547136,0.12585626864547136,0.12585626864547136,True,False,0.3276729515843504,0.3219457174742351,0.005727234110115276,0.017478507403260464,1,1,0.460261225066808,0.45363728440241774,0.00662394066439026,0.014391698243598034,2,2,0.006292709314549319,P2,F4_KelvinOp
47.0,207,97,56,56,56,0.30675842940529724,0.4057971014492754,0.4057971014492754,0.4057971014492754,0.14286314647723308,0.14286314647723308,0.14286314647723308,True,False,0.314011979389322,0.2961049082437338,0.017907071145588205,0.05702671337702837,1,1,0.4380105838903888,0.42373289983197704,0.014277684058411788,0.03259666451800797,1,1,0.002471154107667036,P2,F4_KelvinOp
48.0,207,99,58,58,58,0.31503698597261987,0.4142857142857143,0.4142857142857143,0.4142857142857143,0.14489647802958183,0.14489647802958183,0.14489647802958183,True,False,0.28847100478210974,0.28469533224132776,0.0037756725407819824,0.01308856861934479,1,1,0.3943534518677376,0.3909876235892897,0.0033658282784479465,0.00853505468890079,1,1,0.0022886286975983164,P2,F4_KelvinOp
49.0,207,101,60,60,60,0.3234213350331762,0.4225352112676056,0.4225352112676056,0.4225352112676056,0.1464927603640731,0.1464927603640731,0.1464927603640731,True,False,0.2834366597672221,0.27321207733187786,0.010224582435344243,0.03607360615857307,1,1,0.3807389556525614,0.37519519559825704,0.0055437600543043475,0.01456052755306509,1,1,0.002179198320720279,P2,F4_KelvinOp
50.0,207,103,64,64,64,0.3319135213688942,0.4507042253521127,0.4507042253521127,0.4507042253521127,0.17780737641423006,0.17780737641423006,0.17780737641423006,True,False,0.2705390544819731,0.2648670798721502,0.005671974609822883,0.020965455877280097,1,1,0.37139897361193963,0.36292962710227983,0.008469346509659803,0.02280390391845588,1,1,0.00031281017948845606,P2,F4_KelvinOp
