q_percentile,k,n,observed_overlap,observed_jaccard,expected_jaccard,chance_adjusted_jaccard,hypergeometric_pvalue,overlap_enrichment,mean_rank_displacement_in_union,median_rank_displacement_in_union,adj_jaccard_ci95_low,adj_jaccard_ci95_high,panel,metric
1.0,5,573,0,0.0,0.0048647682070274215,-0.004888549869008643,1.0,0.0,340.2,368.5,-0.004888549873212588,-0.004888549864804697,P0,F1_Frobenius
2.0,11,573,0,0.0,0.010144239897062002,-0.010248200097362744,1.0,0.0,240.8181818181818,183.0,-0.01024820010156669,-0.010248200093158797,P0,F1_Frobenius
3.0,17,573,0,0.0,0.015500234329753358,-0.015744274270294834,1.0,0.0,193.89705882352942,142.75,-0.0465244037936371,0.015035855253047431,P0,F1_Frobenius
4.0,22,573,0,0.0,0.02001050598232266,-0.020419102556176693,1.0,0.0,184.20454545454547,143.25,-0.09164929037309777,0.050811085260744376,P0,F1_Frobenius
5.0,28,573,1,0.01818181818181818,0.025477572909264095,-0.007486492382967622,0.7625610938212595,0.7136401197465302,194.43636363636364,146.5,-0.096037269885716,0.08106428511978074,P0,F1_Frobenius
6.0,34,573,1,0.014925373134328358,0.031004428935034415,-0.01659352868149286,0.8828317987548299,0.4813948731519119,223.6417910447761,179.0,-0.12081221098216453,0.08762515361917882,P0,F1_Frobenius
7.0,40,573,4,0.05263157894736842,0.03659167305736104,0.016649125237384824,0.3021084629914409,1.4383485243996155,220.1315789473684,177.5,-0.10604712970931615,0.1393453801840858,P0,F1_Frobenius
8.0,45,573,6,0.07142857142857142,0.041294420937402626,0.031432121757999316,0.1301014547021626,1.7297390254448306,219.45238095238096,186.5,-0.09587190692960357,0.1587361504456022,P0,F1_Frobenius
9.0,51,573,8,0.0851063829787234,0.046994555952628414,0.039991195500663414,0.07065424925003903,1.810983873632354,215.4255319148936,188.0,-0.09184401394116282,0.17182640494248963,P0,F1_Frobenius
10.0,57,573,8,0.07547169811320754,0.05275760760908707,0.023979174376674968,0.19253854262356407,1.4305367800682485,226.14622641509433,196.5,-0.10490895661715138,0.1528673053705013,P0,F1_Frobenius
11.0,63,573,11,0.09565217391304348,0.05858458404020633,0.039374317909427824,0.0691668085593569,1.632719178263651,225.97826086956522,196.0,-0.08991637800402755,0.1686650138228832,P0,F1_Frobenius
12.0,68,573,14,0.11475409836065574,0.06348998130614933,0.05473952870894474,0.019621626725187958,1.8074363230209554,229.04508196721312,197.5,-0.07809225463762046,0.18757131205550995,P0,F1_Frobenius
13.0,74,573,18,0.13846153846153847,0.06943688706444504,0.07417514238163624,0.0028712962228367458,1.9940631603060057,224.15769230769232,196.5,-0.06753584084095964,0.2158861256042321,P0,F1_Frobenius
14.0,80,573,21,0.1510791366906475,0.07545075520425892,0.08180027393034862,0.0011835785807384862,2.002354201513938,222.14388489208633,196.0,-0.06266228239383988,0.22626283025453714,P0,F1_Frobenius
15.0,85,573,22,0.14864864864864866,0.08051427689820931,0.07410052167052147,0.002673512516616943,1.8462396282410716,217.83445945945945,186.0,-0.0685497989438403,0.21675084228488325,P0,F1_Frobenius
16.0,91,573,26,0.16666666666666666,0.08665385984471832,0.08760403455402464,0.0005519807005161501,1.9233611401191983,215.22756410256412,177.5,-0.04831973754602299,0.2235278066540723,P0,F1_Frobenius
17.0,97,573,29,0.17575757575757575,0.09286367473140028,0.09137976147259994,0.0003351403668804773,1.8926407582506133,216.76969696969698,182.0,-0.044325959018401695,0.22708548196360157,P0,F1_Frobenius
18.0,103,573,31,0.17714285714285713,0.09914492971776269,0.08658210404550172,0.0005896419299347943,1.7867061648753222,213.94285714285715,179.0,-0.050604327558695886,0.22376853564969934,P0,F1_Frobenius
19.0,108,573,36,0.2,0.10443477276239174,0.10670939908238894,4.189235129144599e-05,1.915070954911126,211.45555555555555,175.5,-0.03094644873070132,0.2443652468954792,P0,F1_Frobenius
20.0,114,573,38,0.2,0.11085023542627534,0.10026405913346305,9.903853386067267e-05,1.8042361320289366,206.79473684210527,172.5,-0.037520200720116095,0.2380483189870422,P0,F1_Frobenius
21.0,120,573,38,0.18811881188118812,0.11734072027853504,0.08018733075008067,0.0012444872793296792,1.6031843969820971,205.0742574257426,172.5,-0.05676917528218267,0.217143836782344,P0,F1_Frobenius
22.0,126,573,40,0.18867924528301888,0.12390754979930439,0.07393248905281237,0.002564779035275853,1.5227421217563137,201.75943396226415,171.5,-0.05900213515870924,0.206867113264334,P0,F1_Frobenius
23.0,131,573,43,0.1963470319634703,0.12943920253995603,0.0768560100784749,0.001859573182548429,1.5169054514443627,198.66666666666666,168.0,-0.054689544314083655,0.20840156447103345,P0,F1_Frobenius
24.0,137,573,49,0.21777777777777776,0.13614953768030674,0.0944934842985152,0.00021562509273936794,1.5995484192472442,199.33777777777777,170.0,-0.03584093972790142,0.22482790832493182,P0,F1_Frobenius
25.0,143,573,52,0.2222222222222222,0.1429401392933665,0.09250472057282998,0.0002845818080401098,1.5546523413282767,197.81623931623932,169.0,-0.03964749523128018,0.22465693637694012,P0,F1_Frobenius
26.0,148,573,56,0.23333333333333334,0.14866133274015444,0.09945748249131894,0.00011530295886892613,1.5695630399142009,197.3875,169.0,-0.033184450314430736,0.23209941529706862,P0,F1_Frobenius
27.0,154,573,62,0.25203252032520324,0.15560287751019589,0.11419939770835932,1.450771037152465e-05,1.6197163211759293,197.3008130081301,169.0,-0.017159420856908025,0.24555821627362667,P0,F1_Frobenius
28.0,160,573,66,0.25984251968503935,0.16262888566726297,0.11609384698592273,1.1297017257920164e-05,1.59776363601651,196.63779527559055,169.0,-0.015386960601378896,0.24757465457322436,P0,F1_Frobenius
29.0,166,573,70,0.26717557251908397,0.16974090852766702,0.11735452823362887,9.714891687477384e-06,1.574019927409164,195.59541984732823,169.0,-0.01358690620253751,0.24829596266979526,P0,F1_Frobenius
30.0,171,573,74,0.27611940298507465,0.17573444559908336,0.12178715566848107,5.110149877273816e-06,1.5712309675190674,195.1492537313433,169.0,-0.008016466223817756,0.2515907775607799,P0,F1_Frobenius
31.0,177,573,79,0.2872727272727273,0.1830083192418814,0.1276199139923859,2.14493430065993e-06,1.5697249636670343,194.12363636363636,167.0,-0.0032116459871295855,0.2584514739719014,P0,F1_Frobenius
32.0,183,573,83,0.29328621908127206,0.1903728151227539,0.12711209045447464,2.464729161936949e-06,1.5405887594410934,192.87632508833923,167.0,-0.006481205365745146,0.2607053862746944,P0,F1_Frobenius
33.0,189,573,90,0.3125,0.19782963807008228,0.14295013549744684,1.9050216046030827e-07,1.5796419740165277,192.23611111111111,164.0,0.007869807652432309,0.2780304633424614,P0,F1_Frobenius
34.0,194,573,94,0.3197278911564626,0.20411544453627195,0.14526283469947246,1.3597725689859222e-07,1.5664071471066265,190.96938775510205,159.0,0.006777869337024622,0.2837478000619203,P0,F1_Frobenius
35.0,200,573,101,0.3377926421404682,0.2117461055962624,0.1599060118054371,1.0673299853027181e-08,1.595272041435036,190.1170568561873,158.0,0.020615647831329215,0.29919637577954494,P0,F1_Frobenius
36.0,206,573,106,0.3464052287581699,0.21947416273996465,0.16262250390555322,7.093224368522331e-09,1.5783417256663355,190.0718954248366,160.5,0.021524262958342977,0.30372074485276346,P0,F1_Frobenius
37.0,212,573,113,0.3633440514469453,0.22730149363603225,0.17606162907066927,5.996190821387547e-10,1.5985114995713665,188.88102893890675,160.0,0.034068206844253685,0.3180550512970849,P0,F1_Frobenius
38.0,217,573,116,0.36477987421383645,0.23390149173608848,0.17083753729574155,1.828681706804241e-09,1.5595448815068622,187.96226415094338,160.5,0.029585922794893,0.31208915179659014,P0,F1_Frobenius
39.0,223,573,122,0.3765432098765432,0.24191586374086366,0.17758892410018695,5.576233371711573e-10,1.5565048279756064,186.98302469135803,159.0,0.03669132801712635,0.3184865201832475,P0,F1_Frobenius
40.0,229,573,127,0.38368580060422963,0.25003509898592313,0.17820927544420892,5.652004218471523e-10,1.5345277609437984,186.19486404833836,158.0,0.038849204214526756,0.3175693466738911,P0,F1_Frobenius
41.0,234,573,132,0.39285714285714285,0.256882726086866,0.18297840938921767,2.4808961084997284e-10,1.5293248745900356,185.48065476190476,159.0,0.044532245336996096,0.32142457344143927,P0,F1_Frobenius
42.0,240,573,136,0.3953488372093023,0.26519963409964514,0.1771218539748339,9.107808645975056e-10,1.4907593615334906,184.76889534883722,159.0,0.03917652011314726,0.31506718783652055,P0,F1_Frobenius
43.0,246,573,144,0.41379310344827586,0.2736274229346693,0.19296664678600597,4.5493193843259534e-11,1.5122501210234043,183.95833333333334,157.0,0.05290167237622395,0.333031621195788,P0,F1_Frobenius
44.0,252,573,148,0.4157303370786517,0.28216832632827377,0.18606313380852232,2.175432770931879e-10,1.4733416131015085,183.31039325842696,157.0,0.045834721473888895,0.32629154614315575,P0,F1_Frobenius
45.0,257,573,153,0.42382271468144045,0.28937380606327734,0.1891977945160505,1.3500761486465633e-10,1.4646201757071378,182.59141274238226,156.0,0.04758812321198705,0.330807465820114,P0,F1_Frobenius
46.0,263,573,159,0.4332425068119891,0.2981280897313316,0.19250580498219014,8.381022067113559e-11,1.4532092806230388,181.2493188010899,151.0,0.05117094478055623,0.33384066518382405,P0,F1_Frobenius
47.0,269,573,165,0.44235924932975873,0.3070021521112328,0.1953210931763991,5.7853766402989775e-11,1.4408995060382621,180.82171581769438,150.0,0.05355361718950477,0.33708856916329344,P0,F1_Frobenius
48.0,275,573,168,0.4397905759162304,0.3159984701785904,0.1809822059461792,1.1572402951212976e-09,1.3917490665941432,179.1740837696335,147.25,0.03815783341392773,0.32380657847843064,P0,F1_Frobenius
49.0,280,573,171,0.43958868894601544,0.32359062621322854,0.17149091545463066,7.766510164568468e-09,1.358471640820493,177.83676092544988,147.0,0.02913253798082488,0.31384929292843644,P0,F1_Frobenius
50.0,286,573,178,0.4517766497461929,0.33281774305900164,0.17830046505225228,2.6898967966153736e-09,1.3574295817098379,177.2043147208122,146.75,0.03784658321187456,0.31875434689263,P0,F1_Frobenius
1.0,5,573,0,0.0,0.0048647682070274215,-0.004888549869008643,1.0,0.0,346.5,419.5,-0.004888549872494972,-0.004888549865522313,P0,F3_Longitudinal
2.0,11,573,0,0.0,0.010144239897062002,-0.010248200097362744,1.0,0.0,248.8181818181818,208.25,-0.010248200100849073,-0.010248200093876414,P0,F3_Longitudinal
3.0,17,573,0,0.0,0.015500234329753358,-0.015744274270294834,1.0,0.0,219.5,180.0,-0.015744274273781163,-0.015744274266808505,P0,F3_Longitudinal
4.0,22,573,0,0.0,0.02001050598232266,-0.020419102556176693,1.0,0.0,219.9090909090909,180.0,-0.04414977935980871,0.0033115742474553247,P0,F3_Longitudinal
5.0,28,573,1,0.01818181818181818,0.025477572909264095,-0.007486492382967622,0.7625610938212595,0.7136401197465302,222.07272727272726,190.0,-0.06942625010003078,0.054453265334095544,P0,F3_Longitudinal
6.0,34,573,2,0.030303030303030304,0.031004428935034415,-0.000723840905932362,0.61515108602871,0.9773774697326696,218.84848484848484,190.0,-0.08545265618172752,0.0840049743698628,P0,F3_Longitudinal
7.0,40,573,3,0.03896103896103896,0.03659167305736104,0.0024593579247929767,0.5420758462727502,1.0647515050750402,213.5974025974026,190.0,-0.09156790343117864,0.09648661928076459,P0,F3_Longitudinal
8.0,45,573,5,0.058823529411764705,0.041294420937402626,0.01828414151037035,0.2726365746959756,1.4244909621310369,222.13529411764705,192.0,-0.07745664377498841,0.1140249267957291,P0,F3_Longitudinal
9.0,51,573,7,0.07368421052631578,0.046994555952628414,0.028005773461626405,0.15527433057773457,1.5679307748027485,225.05789473684212,198.0,-0.0666923416470286,0.1227038885702814,P0,F3_Longitudinal
10.0,57,573,7,0.06542056074766354,0.05275760760908707,0.013368228914052508,0.3339236538419765,1.2400213677694396,226.0607476635514,198.0,-0.0819608984938782,0.10869735632198323,P0,F3_Longitudinal
11.0,63,573,10,0.08620689655172414,0.05858458404020633,0.02934125790085587,0.13702765109078122,1.4714945572125382,221.81465517241378,197.5,-0.07023529246814188,0.1289178082698536,P0,F3_Longitudinal
12.0,68,573,11,0.088,0.06348998130614933,0.026171656687703947,0.16481429466783504,1.3860454545680696,215.556,192.0,-0.0785526734922493,0.1308959868676572,P0,F3_Longitudinal
13.0,74,573,14,0.1044776119402985,0.06943688706444504,0.037655398531018465,0.0757773434579549,1.5046413564498051,212.12313432835822,191.0,-0.06795810911281186,0.1432689061748488,P0,F3_Longitudinal
14.0,80,573,18,0.1267605633802817,0.07545075520425892,0.05549710679538605,0.017346258203565442,1.6800436660589781,213.20070422535213,194.5,-0.05168125906411958,0.16267547265489168,P0,F3_Longitudinal
15.0,85,573,20,0.13333333333333333,0.08051427689820931,0.05744412893866841,0.014280011197226886,1.6560209998768398,213.97333333333333,194.5,-0.0499270717720963,0.16481532964943313,P0,F3_Longitudinal
16.0,91,573,24,0.1518987341772152,0.08665385984471832,0.07143499212839978,0.0034625791054481146,1.7529367352985101,213.5632911392405,192.0,-0.03768851576163362,0.18055850001843318,P0,F3_Longitudinal
17.0,97,573,26,0.15476190476190477,0.09286367473140028,0.06823476064876649,0.004773378520811609,1.666549436144321,210.02380952380952,189.0,-0.045796299810697175,0.18226582110823014,P0,F3_Longitudinal
18.0,103,573,31,0.17714285714285713,0.09914492971776269,0.08658210404550172,0.0005896419299347943,1.7867061648753222,207.12571428571428,181.0,-0.0314079596624556,0.20457216775345904,P0,F3_Longitudinal
19.0,108,573,36,0.2,0.10443477276239174,0.10670939908238894,4.189235129144599e-05,1.915070954911126,204.73333333333332,181.0,-0.014026809691265935,0.2274456078560438,P0,F3_Longitudinal
20.0,114,573,42,0.22580645161290322,0.11085023542627534,0.12928779916141583,1.4228223889112773e-06,2.0370407942262183,202.96774193548387,179.0,0.009643899469733902,0.24893169885309777,P0,F3_Longitudinal
21.0,120,573,44,0.22448979591836735,0.11734072027853504,0.12139347322518905,4.6752829191135155e-06,1.9131448604158,201.5,176.0,0.004270667017167162,0.23851627943321094,P0,F3_Longitudinal
22.0,126,573,48,0.23529411764705882,0.12390754979930439,0.12714019830012,1.8817392142996204e-06,1.8989489988961088,199.48039215686273,174.5,0.013656476081206181,0.2406239205190338,P0,F3_Longitudinal
23.0,131,573,48,0.22429906542056074,0.12943920253995603,0.10896408746795021,2.9124628989422603e-05,1.7328526522042103,195.85046728971963,169.0,-0.002954748542733268,0.2208829234786337,P0,F3_Longitudinal
24.0,137,573,55,0.2511415525114155,0.13614953768030674,0.1331156488847865,7.10751338316505e-07,1.8446008469093884,193.6255707762557,166.0,0.02083396431843093,0.24539733345114206,P0,F3_Longitudinal
25.0,143,573,57,0.24890829694323144,0.1429401392933665,0.1236414893616599,3.275461019585738e-06,1.7413463997847292,194.04366812227073,168.0,0.011325747894378652,0.23595723082894116,P0,F3_Longitudinal
26.0,148,573,60,0.2542372881355932,0.14866133274015444,0.12401169999155563,3.140463328393166e-06,1.7101776463956184,194.07627118644066,169.0,0.010529424112908053,0.2374939758702032,P0,F3_Longitudinal
27.0,154,573,66,0.2727272727272727,0.15560287751019589,0.13870771476781182,2.917514338618799e-07,1.75271355575929,193.46694214876032,169.0,0.024551420070585903,0.25286400946503773,P0,F3_Longitudinal
28.0,160,573,67,0.2648221343873518,0.16262888566726297,0.12204057074684502,4.542179758675091e-06,1.6283831331733722,191.02766798418972,166.0,0.009419348346457843,0.23466179314723218,P0,F3_Longitudinal
29.0,166,573,72,0.27692307692307694,0.16974090852766702,0.1290948446048803,1.5436610941655865e-06,1.6314457093761796,190.43076923076924,165.0,0.016731855919896677,0.24145783328986392,P0,F3_Longitudinal
30.0,171,573,75,0.2808988764044944,0.17573444559908336,0.12758561878986374,2.0467267187912507e-06,1.5984281023956501,190.2621722846442,166.0,0.016876587300372642,0.23829465027935484,P0,F3_Longitudinal
31.0,177,573,80,0.291970802919708,0.1830083192418814,0.13337037113611247,8.423936761479223e-07,1.595396341156553,188.86861313868613,165.0,0.023055251227358964,0.24368549104486598,P0,F3_Longitudinal
32.0,183,573,85,0.302491103202847,0.1903728151227539,0.1384813778172385,3.813040227131897e-07,1.5889406426426922,187.18861209964413,164.0,0.028652229853211475,0.2483105257812655,P0,F3_Longitudinal
33.0,189,573,89,0.3079584775086505,0.19782963807008228,0.1372885918816703,4.986412275933432e-07,1.5566852394460453,186.560553633218,164.0,0.026031891151543696,0.24854529261179692,P0,F3_Longitudinal
34.0,194,573,92,0.3108108108108108,0.20411544453627195,0.13405884753269523,9.048702130504752e-07,1.5227206913075053,185.69932432432432,164.0,0.02222715099556355,0.2458905440698269,P0,F3_Longitudinal
35.0,200,573,98,0.32450331125827814,0.2117461055962624,0.1430468107579845,2.1624993398459543e-07,1.5325113552596363,184.63576158940398,162.5,0.02783993684775163,0.2582536846682174,P0,F3_Longitudinal
36.0,206,573,103,0.3333333333333333,0.21947416273996465,0.14587495398366426,1.4489954894510929e-07,1.518781660546851,183.0,159.0,0.02665284198457467,0.26509706598275384,P0,F3_Longitudinal
37.0,212,573,111,0.3546325878594249,0.22730149363603225,0.16478755060957154,5.25196761060614e-09,1.5601859107326512,182.17252396166134,158.0,0.04203928707644723,0.28753581414269586,P0,F3_Longitudinal
38.0,217,573,118,0.37341772151898733,0.23390149173608848,0.18211265036798271,1.991915544285599e-10,1.5964743052614443,182.08860759493672,158.5,0.059396438463257,0.30482886227270845,P0,F3_Longitudinal
39.0,223,573,123,0.38080495356037153,0.24191586374086366,0.18321065324605515,1.8225158785578445e-10,1.5741214638502732,181.67801857585138,158.0,0.06068181133328032,0.30573949515883,P0,F3_Longitudinal
40.0,229,573,128,0.3878787878787879,0.25003509898592313,0.18380018679071145,1.862599477965283e-10,1.551297355658956,180.27575757575758,156.5,0.06239063615353628,0.3052097374278866,P0,F3_Longitudinal
41.0,234,573,132,0.39285714285714285,0.256882726086866,0.18297840938921767,2.4808961084997284e-10,1.5293248745900356,178.19345238095238,156.0,0.06335105663079109,0.30260576214764423,P0,F3_Longitudinal
42.0,240,573,139,0.40762463343108507,0.26519963409964514,0.19382815515738866,3.213261673114365e-11,1.5370482497646496,177.33724340175954,156.0,0.07602524517739603,0.31163106513738126,P0,F3_Longitudinal
43.0,246,573,143,0.40974212034383956,0.2736274229346693,0.18738964232253494,1.4091512302371646e-10,1.497445380106031,175.69627507163324,154.0,0.07088988163220472,0.30388940301286516,P0,F3_Longitudinal
44.0,252,573,150,0.423728813559322,0.28216832632827377,0.19720568543174327,2.274465751521683e-11,1.5016880848148677,174.88983050847457,153.5,0.07906776363772279,0.31534360722576377,P0,F3_Longitudinal
45.0,257,573,156,0.43575418994413406,0.28937380606327734,0.20598788101229362,4.240283930886864e-12,1.5058522257845541,173.9217877094972,152.5,0.08721198326673373,0.3247637787578535,P0,F3_Longitudinal
46.0,263,573,163,0.4490358126721763,0.2981280897313316,0.21500749742653041,7.534444006211157e-13,1.5061841810238021,174.08126721763085,154.0,0.09551838845090074,0.33449660640216006,P0,F3_Longitudinal
47.0,269,573,167,0.4501347708894879,0.3070021521112328,0.20654121685126683,5.741512093203811e-12,1.466226760281457,173.03369272237197,148.0,0.08807667146222992,0.32500576224030375,P0,F3_Longitudinal
48.0,275,573,174,0.4627659574468085,0.3159984701785904,0.21457186989996727,1.3094654316773093e-12,1.464456322162796,173.01329787234042,150.0,0.09673807408648716,0.3324056657134474,P0,F3_Longitudinal
49.0,280,573,179,0.46981627296587924,0.32359062621322854,0.21617921397811127,1.1336665816818519e-12,1.4518846805416916,172.84251968503938,148.0,0.09815202516611848,0.33420640279010405,P0,F3_Longitudinal
50.0,286,573,183,0.4704370179948586,0.33281774305900164,0.20626938666929684,1.15374027711972e-11,1.4134974105375744,171.5012853470437,147.0,0.08650772138968658,0.3260310519489071,P0,F3_Longitudinal
1.0,5,573,0,0.0,0.0048647682070274215,-0.004888549869008643,1.0,0.0,321.0,309.0,-0.004888549872962303,-0.004888549865054982,P0,F4_KelvinOp
2.0,11,573,0,0.0,0.010144239897062002,-0.010248200097362744,1.0,0.0,243.9090909090909,208.5,-0.010248200101316404,-0.010248200093409083,P0,F4_KelvinOp
3.0,17,573,0,0.0,0.015500234329753358,-0.015744274270294834,1.0,0.0,195.5,147.5,-0.023427402169694973,-0.008061146370894695,P0,F4_KelvinOp
4.0,22,573,0,0.0,0.02001050598232266,-0.020419102556176693,1.0,0.0,200.5,157.5,-0.06847082778852151,0.02763262267616812,P0,F4_KelvinOp
5.0,28,573,0,0.0,0.025477572909264095,-0.026143649649318874,1.0,0.0,213.91071428571428,172.0,-0.1117602082364692,0.05947290893783145,P0,F4_KelvinOp
6.0,34,573,2,0.030303030303030304,0.031004428935034415,-0.000723840905932362,0.61515108602871,0.9773774697326696,221.5909090909091,184.0,-0.09671603832538882,0.0952683565135241,P0,F4_KelvinOp
7.0,40,573,2,0.02564102564102564,0.03659167305736104,-0.011366569200296517,0.7893552550834071,0.7007338965023768,216.62179487179486,181.0,-0.11311028839377711,0.09037714999318407,P0,F4_KelvinOp
8.0,45,573,4,0.046511627906976744,0.041294420937402626,0.00544192824524438,0.4795287179350617,1.1263416909873316,219.5639534883721,184.0,-0.1065158284250846,0.11739968491557336,P0,F4_KelvinOp
9.0,51,573,7,0.07368421052631578,0.046994555952628414,0.028005773461626405,0.15527433057773457,1.5679307748027485,224.73157894736843,184.0,-0.09699577007843525,0.15300731700168807,P0,F4_KelvinOp
10.0,57,573,9,0.08571428571428572,0.05275760760908707,0.03479223308620452,0.09792859132644674,1.624681057363225,229.38571428571427,189.0,-0.09970887081975682,0.16929333699216587,P0,F4_KelvinOp
11.0,63,573,12,0.10526315789473684,0.05858458404020633,0.04958339651464139,0.031330145861704996,1.7967723014384673,230.01315789473685,189.5,-0.08366895868180718,0.18283575171108996,P0,F4_KelvinOp
12.0,68,573,14,0.11475409836065574,0.06348998130614933,0.05473952870894474,0.019621626725187958,1.8074363230209554,230.79508196721312,190.5,-0.07374575644461676,0.18322481386250625,P0,F4_KelvinOp
13.0,74,573,16,0.12121212121212122,0.06943688706444504,0.055638605730186315,0.01754905291451037,1.745644517439601,226.54924242424244,189.5,-0.07337953977653691,0.18465675123690953,P0,F4_KelvinOp
14.0,80,573,19,0.1347517730496454,0.07545075520425892,0.06414046431727682,0.007665405902021586,1.7859565843290477,218.41489361702128,184.0,-0.06460584212633533,0.19288677076088898,P0,F4_KelvinOp
15.0,85,573,22,0.14864864864864866,0.08051427689820931,0.07410052167052147,0.002673512516616943,1.8462396282410716,215.80067567567568,184.0,-0.05612030559235459,0.20432134893339754,P0,F4_KelvinOp
16.0,91,573,27,0.17419354838709677,0.08665385984471832,0.09584503037095604,0.00019941112673079318,2.0102226109632912,212.0225806451613,184.0,-0.033109560619057565,0.22479962136096965,P0,F4_KelvinOp
17.0,97,573,28,0.1686746987951807,0.09286367473140028,0.08357180938745129,0.0008645647200110193,1.8163689869376471,213.3855421686747,184.0,-0.043559415387247835,0.21070303416215042,P0,F4_KelvinOp
18.0,103,573,30,0.17045454545454544,0.09914492971776269,0.07915770037731096,0.0014199583253178543,1.719246218034355,208.82386363636363,178.5,-0.046610004215743295,0.2049254049703652,P0,F4_KelvinOp
19.0,108,573,32,0.17391304347826086,0.10443477276239174,0.07758035774811899,0.0016877206663233847,1.665279091227066,206.46195652173913,178.5,-0.05033798207426492,0.20549869757050288,P0,F4_KelvinOp
20.0,114,573,35,0.18134715025906736,0.11085023542627534,0.07928575999408782,0.0013811352523759206,1.6359654046894503,205.2642487046632,176.0,-0.05038737600747639,0.20895889599565204,P0,F4_KelvinOp
21.0,120,573,40,0.2,0.11734072027853504,0.09364800395861608,0.0002357620418884925,1.70443814837044,201.73,171.0,-0.041130145918940014,0.22842615383617218,P0,F4_KelvinOp
22.0,126,573,45,0.21739130434782608,0.12390754979930439,0.10670535344426994,4.01141689413262e-05,1.7544637489801005,199.6086956521739,170.0,-0.025980653647505056,0.23939136053604493,P0,F4_KelvinOp
23.0,131,573,49,0.2300469483568075,0.12943920253995603,0.11556659352268737,1.1072680925754834e-05,1.7772586963041224,200.81690140845072,172.0,-0.012316548134842967,0.24344973518021773,P0,F4_KelvinOp
24.0,137,573,52,0.23423423423423423,0.13614953768030674,0.11354360602012199,1.5055158643997259e-05,1.7204188734319505,200.31981981981983,175.5,-0.010558948077954919,0.2376461601181989,P0,F4_KelvinOp
25.0,143,573,54,0.23275862068965517,0.1429401392933665,0.10479837583600593,5.4066288112744586e-05,1.628364305787807,199.08189655172413,177.0,-0.01696123821341737,0.22655798988542925,P0,F4_KelvinOp
26.0,148,573,57,0.2384937238493724,0.14866133274015444,0.10551898388259077,4.976779880082748e-05,1.6042754323091952,196.50627615062763,172.0,-0.015527629894376574,0.22656559765955814,P0,F4_KelvinOp
27.0,154,573,63,0.2571428571428571,0.15560287751019589,0.12025145151283637,5.794400330633544e-06,1.6525584954301877,194.84489795918367,170.0,-0.0023021393382705313,0.24280504236394326,P0,F4_KelvinOp
28.0,160,573,69,0.2749003984063745,0.16262888566726297,0.13407617102791464,6.552731866692647e-07,1.6903540676581765,193.6414342629482,169.0,0.010366027771483571,0.25778631428434573,P0,F4_KelvinOp
29.0,166,573,72,0.27692307692307694,0.16974090852766702,0.1290948446048803,1.5436610941655865e-06,1.6314457093761796,191.69230769230768,167.5,0.004816404931263632,0.253373284278497,P0,F4_KelvinOp
30.0,171,573,76,0.2857142857142857,0.17573444559908336,0.13342767937832442,7.907899650586801e-07,1.6258297270081468,190.25375939849624,165.0,0.007439381588848992,0.25941597716779985,P0,F4_KelvinOp
31.0,177,573,79,0.2872727272727273,0.1830083192418814,0.1276199139923859,2.14493430065993e-06,1.5697249636670343,189.98363636363635,165.0,0.0010960153932768613,0.25414381259149493,P0,F4_KelvinOp
32.0,183,573,83,0.29328621908127206,0.1903728151227539,0.12711209045447464,2.464729161936949e-06,1.5405887594410934,188.51060070671377,165.0,0.0006431162013532388,0.253581064707596,P0,F4_KelvinOp
33.0,189,573,83,0.28135593220338984,0.19782963807008228,0.10412538046451147,7.966331504456383e-05,1.422213248470474,187.62542372881356,165.0,-0.022498763356652324,0.23074952428567527,P0,F4_KelvinOp
34.0,194,573,90,0.30201342281879195,0.20411544453627195,0.12300524945540503,5.280067505325749e-06,1.4796206308882385,186.99161073825502,162.0,-0.00855476951431075,0.25456526842512084,P0,F4_KelvinOp
35.0,200,573,95,0.3114754098360656,0.2117461055962624,0.12651926612458017,3.2733381914922212e-06,1.4709853055335889,186.0311475409836,161.0,-0.012415417052162675,0.26545394930132304,P0,F4_KelvinOp
36.0,206,573,104,0.33766233766233766,0.21947416273996465,0.15142122051623788,5.473186450384396e-08,1.5385060976968101,186.32305194805195,162.0,0.00717729164108219,0.29566514939139354,P0,F4_KelvinOp
37.0,212,573,113,0.3633440514469453,0.22730149363603225,0.17606162907066927,5.996190821387547e-10,1.5985114995713665,185.9823151125402,163.0,0.03170336232164092,0.32041989581969765,P0,F4_KelvinOp
38.0,217,573,118,0.37341772151898733,0.23390149173608848,0.18211265036798271,1.991915544285599e-10,1.5964743052614443,185.15348101265823,160.5,0.040345737746636745,0.3238795629893287,P0,F4_KelvinOp
39.0,223,573,124,0.38509316770186336,0.24191586374086366,0.18886729996425794,5.772582477395915e-11,1.5918475198235404,184.5947204968944,162.0,0.05138213455003629,0.3263524653784796,P0,F4_KelvinOp
40.0,229,573,127,0.38368580060422963,0.25003509898592313,0.17820927544420892,5.652004218471523e-10,1.5345277609437984,183.91389728096678,161.0,0.043574872111633356,0.3128436787767845,P0,F4_KelvinOp
41.0,234,573,132,0.39285714285714285,0.256882726086866,0.18297840938921767,2.4808961084997284e-10,1.5293248745900356,183.70982142857142,164.0,0.049828958032833465,0.31612786074560184,P0,F4_KelvinOp
42.0,240,573,140,0.4117647058823529,0.26519963409964514,0.1994624371248384,9.914453338193974e-12,1.5526594042269226,182.9985294117647,162.0,0.06709146516030676,0.3318334090893701,P0,F4_KelvinOp
43.0,246,573,143,0.40974212034383956,0.2736274229346693,0.18738964232253494,1.4091512302371646e-10,1.497445380106031,181.35386819484242,160.0,0.05584466861686502,0.31893461602820483,P0,F4_KelvinOp
44.0,252,573,150,0.423728813559322,0.28216832632827377,0.19720568543174327,2.274465751521683e-11,1.5016880848148677,180.17090395480227,159.0,0.06554835676938633,0.32886301409410024,P0,F4_KelvinOp
45.0,257,573,155,0.43175487465181056,0.28937380606327734,0.20036000615143587,1.3849386365413909e-11,1.4920316407539622,179.0431754874652,158.0,0.06744334584355943,0.3332766664593123,P0,F4_KelvinOp
46.0,263,573,159,0.4332425068119891,0.2981280897313316,0.19250580498219014,8.381022067113559e-11,1.4532092806230388,177.8841961852861,157.0,0.05984513546106729,0.325166474503313,P0,F4_KelvinOp
47.0,269,573,165,0.44235924932975873,0.3070021521112328,0.1953210931763991,5.7853766402989775e-11,1.4408995060382621,177.46782841823057,156.0,0.062305232139784256,0.3283369542130139,P0,F4_KelvinOp
48.0,275,573,172,0.455026455026455,0.3159984701785904,0.20325683318890284,1.4147457474185763e-11,1.4399641073239728,176.99074074074073,154.0,0.06930177862660927,0.33721188775119637,P0,F4_KelvinOp
49.0,280,573,175,0.45454545454545453,0.32359062621322854,0.19360291771105417,1.1872184023239283e-10,1.404692898137086,176.312987012987,152.0,0.05975418819998052,0.32745164722212783,P0,F4_KelvinOp
50.0,286,573,179,0.455470737913486,0.33281774305900164,0.1838373151840743,9.58550371738216e-10,1.3685290144904942,174.5941475826972,143.0,0.049742679547474744,0.3179319508206739,P0,F4_KelvinOp
1.0,2,287,0,0.0,0.0046538827026631905,-0.0046756425948592415,1.0,0.0,177.0,187.0,-0.004675642598881695,-0.004675642590836788,P0_high_response,F1_Frobenius
2.0,5,287,0,0.0,0.009746657263842823,-0.009842589611373541,1.0,0.0,217.6,252.5,-0.009842589615395993,-0.009842589607351088,P0_high_response,F1_Frobenius
3.0,8,287,0,0.0,0.015050147061707415,-0.01528011504018196,1.0,0.0,187.3125,215.5,-0.015280115044204413,-0.015280115036159508,P0_high_response,F1_Frobenius
4.0,11,287,0,0.0,0.020432624474840476,-0.020858825013324138,1.0,0.0,173.13636363636363,179.5,-0.02085882501734659,-0.020858825009301685,P0_high_response,F1_Frobenius
5.0,14,287,0,0.0,0.02588026806835551,-0.026567851178864704,1.0,0.0,154.96428571428572,143.0,-0.03680668255324227,-0.016329019804487137,P0_high_response,F1_Frobenius
6.0,17,287,0,0.0,0.03138999299655351,-0.03240725655278288,1.0,0.0,147.51470588235293,139.75,-0.061181531240466186,-0.0036329818650995653,P0_high_response,F1_Frobenius
7.0,20,287,0,0.0,0.03696120778636175,-0.0383797704570164,1.0,0.0,145.725,139.25,-0.09542693835151111,0.018667397437478313,P0_high_response,F1_Frobenius
8.0,22,287,0,0.0,0.040709619858454234,-0.04243722307779989,1.0,0.0,143.0,139.0,-0.11212815521950519,0.02725370906390541,P0_high_response,F1_Frobenius
9.0,25,287,1,0.02040816326530612,0.04638406856724672,-0.02723937850211174,0.9078706693405806,0.4399821726660041,140.6122448979592,138.0,-0.10741787768098421,0.05293912067676074,P0_high_response,F1_Frobenius
10.0,28,287,1,0.01818181818181818,0.05212139242805376,-0.03580582363091203,0.951543103316491,0.34883600254762226,145.96363636363637,140.5,-0.12005437282964998,0.04844272556782592,P0_high_response,F1_Frobenius
11.0,31,287,1,0.01639344262295082,0.05792246522572823,-0.04408238289296225,0.9766172895340266,0.28302391065477506,154.45901639344262,148.0,-0.1314354148940346,0.04327064910811011,P0_high_response,F1_Frobenius
12.0,34,287,1,0.014925373134328358,0.06378824089150578,-0.052192110686269305,0.9896825955437937,0.23398314369123577,159.11940298507463,168.0,-0.1473258014460117,0.042941580073473096,P0_high_response,F1_Frobenius
13.0,37,287,2,0.027777777777777776,0.06971973065757008,-0.04508528694200838,0.9693158316290887,0.3984206122970973,157.04166666666666,168.0,-0.14993191222935692,0.05976133834534015,P0_high_response,F1_Frobenius
14.0,40,287,4,0.05263157894736842,0.07571799093722684,-0.024977671060879097,0.8473423017340695,0.6951000455228936,156.25,168.0,-0.13862626959432578,0.08867092747256758,P0_high_response,F1_Frobenius
15.0,43,287,5,0.06172839506172839,0.08178411664259075,-0.0218420547328474,0.8140189085369745,0.7547724129795402,155.11111111111111,168.0,-0.14361147316793352,0.09992736370223873,P0_high_response,F1_Frobenius
16.0,45,287,6,0.07142857142857142,0.08586645996093402,-0.0157940693563717,0.7500646584568545,0.8318564834403178,154.54761904761904,169.5,-0.14043390457723137,0.10884576586448796,P0_high_response,F1_Frobenius
17.0,48,287,8,0.09090909090909091,0.09204822127724985,-0.001254615492643666,0.5763910087489121,0.9876246346496163,154.26136363636363,169.5,-0.12672444381228992,0.1242152128270026,P0_high_response,F1_Frobenius
18.0,51,287,8,0.0851063829787234,0.09830093255955466,-0.014632985723590891,0.7300693479618083,0.8657739124413956,152.36170212765958,169.5,-0.14076552429718384,0.11149955285000204,P0_high_response,F1_Frobenius
19.0,54,287,8,0.08,0.10462580861313972,-0.027503371048696844,0.8485588060859066,0.7646296937670978,152.845,169.5,-0.15509387530900212,0.10008713321160842,P0_high_response,F1_Frobenius
20.0,57,287,8,0.07547169811320754,0.1110240953890662,-0.03999253195891558,0.9258426179416316,0.6797776451024351,154.94811320754718,173.5,-0.16674520912896365,0.08676014521113248,P0_high_response,F1_Frobenius
21.0,60,287,10,0.09090909090909091,0.11749707015772062,-0.030127921788748627,0.8623869215706393,0.7737136831332075,155.5590909090909,173.5,-0.16059215108799016,0.10033630751049291,P0_high_response,F1_Frobenius
22.0,63,287,11,0.09565217391304348,0.12404604190222987,-0.0324147950091427,0.8757546221101985,0.7711021846906992,154.90869565217392,171.0,-0.1656116049383829,0.10078201492009752,P0_high_response,F1_Frobenius
23.0,66,287,14,0.11864406779661017,0.13067235187192977,-0.01383630683001995,0.7079270718587946,0.9079508105348225,154.8177966101695,171.5,-0.148199260447575,0.1205266467875351,P0_high_response,F1_Frobenius
24.0,68,287,14,0.11475409836065574,0.1351335347667466,-0.023563679741698117,0.8018312451402311,0.8491903845979629,154.83196721311475,173.5,-0.16023160046625737,0.11310424098286112,P0_high_response,F1_Frobenius
25.0,71,287,14,0.109375,0.14189181214979343,-0.037893604338232516,0.9030648916423222,0.770833766535691,151.80859375,169.5,-0.1764911224055112,0.10070391372904616,P0_high_response,F1_Frobenius
26.0,74,287,18,0.13846153846153847,0.14873116760271046,-0.01206390830996515,0.6835577946383988,0.9309517345509978,151.44230769230768,169.5,-0.1521167583432735,0.1279889417233432,P0_high_response,F1_Frobenius
27.0,77,287,20,0.14925373134328357,0.15565306714632526,-0.00757903600290652,0.6324932492782013,0.9588871846834482,151.1679104477612,169.5,-0.15079011391925645,0.1356320419134434,P0_high_response,F1_Frobenius
28.0,80,287,21,0.1510791366906475,0.16265901293761287,-0.013829343631667476,0.6988246036838629,0.9288088865299656,149.82014388489208,168.0,-0.15741780509546643,0.1297591178321315,P0_high_response,F1_Frobenius
29.0,83,287,21,0.14482758620689656,0.16975054429242548,-0.030018638270938085,0.8428358542630481,0.8531789209312066,146.18965517241378,161.0,-0.17274261252476392,0.11270533598288773,P0_high_response,F1_Frobenius
30.0,86,287,23,0.15436241610738255,0.17692923876400346,-0.027417840262886455,0.8208182296227409,0.8724528358666506,146.31879194630872,161.0,-0.1665293198015147,0.11169363927574177,P0_high_response,F1_Frobenius
31.0,88,287,25,0.16556291390728478,0.18176425585709716,-0.019800335130535255,0.7534266677136107,0.9108661828288734,145.69867549668874,161.0,-0.15874822450839896,0.11914755424732845,P0_high_response,F1_Frobenius
32.0,91,287,26,0.16666666666666666,0.1890918353293135,-0.027654387561572787,0.819400822639492,0.8814059389524026,144.35576923076923,152.5,-0.16679816004434955,0.11148938492120397,P0_high_response,F1_Frobenius
33.0,94,287,28,0.175,0.19651098044577472,-0.026771965667569425,0.8104900738818056,0.8905354784909311,143.215625,152.0,-0.16493610522771532,0.11139217389257647,P0_high_response,F1_Frobenius
34.0,97,287,29,0.17575757575757575,0.20402341905632881,-0.03551089815386585,0.8711087355333207,0.8614578491553014,142.6848484848485,152.0,-0.1742424645194418,0.10322066821171011,P0_high_response,F1_Frobenius
35.0,100,287,31,0.1834319526627219,0.21163092298898495,-0.035768742266217866,0.870872076982264,0.8667540171918506,142.23076923076923,152.0,-0.17607338497219055,0.1045359004397548,P0_high_response,F1_Frobenius
36.0,103,287,31,0.17714285714285713,0.21933530943402635,-0.05404683060608279,0.9521624282523611,0.8076349293689066,141.27428571428572,148.0,-0.19740318081439273,0.08930951960222716,P0_high_response,F1_Frobenius
37.0,106,287,35,0.1977401129943503,0.227138442385254,-0.03803828654854393,0.8809377372278168,0.8705708770290825,140.3954802259887,146.0,-0.18466259033995602,0.10858601724286815,P0_high_response,F1_Frobenius
38.0,109,287,37,0.20441988950276244,0.23504223414024727,-0.04003141873207564,0.890412129198988,0.8697155651642896,139.5027624309392,144.0,-0.191977409868138,0.11191457240398672,P0_high_response,F1_Frobenius
39.0,111,287,37,0.2,0.24036831706982825,-0.053141960738279335,0.9457298347107068,0.832056414248218,138.76756756756757,142.0,-0.20839283080820198,0.1021089093316433,P0_high_response,F1_Frobenius
40.0,114,287,38,0.2,0.24844425921786262,-0.06445863771521071,0.9729077783769964,0.8050095447148913,137.08947368421053,140.25,-0.22295220540797733,0.09403492997755591,P0_high_response,F1_Frobenius
41.0,117,287,38,0.19387755102040816,0.25662620785852813,-0.08441063903713497,0.9938775888490159,0.7554861704821988,136.21428571428572,139.0,-0.24613590407175293,0.07731462599748298,P0_high_response,F1_Frobenius
42.0,120,287,38,0.18811881188118812,0.26491626625342113,-0.10447443039014252,0.9990126399107351,0.7101066859414064,134.87623762376236,136.0,-0.2652145174464279,0.05626565666614282,P0_high_response,F1_Frobenius
43.0,123,287,39,0.18840579710144928,0.2733165938183451,-0.11684702856097692,0.999717743942634,0.6893317177319638,133.81159420289856,135.0,-0.2746383739549245,0.040944316832970645,P0_high_response,F1_Frobenius
44.0,126,287,41,0.1943127962085308,0.2818294080048934,-0.12186047823712465,0.999823069843808,0.6894695538840182,132.8388625592417,134.0,-0.2738043666786856,0.03008341020443625,P0_high_response,F1_Frobenius
45.0,129,287,42,0.19444444444444445,0.29045698625940997,-0.13531602729594044,0.999961962935277,0.6694431659178073,131.43055555555554,132.0,-0.2826803833082144,0.01204832871633349,P0_high_response,F1_Frobenius
46.0,132,287,44,0.2,0.29920166806289417,-0.14155522857579683,0.9999805857521235,0.6684454712263125,130.7590909090909,132.0,-0.2846632023058059,0.0015527451542121928,P0_high_response,F1_Frobenius
47.0,134,287,47,0.21266968325791855,0.30509769773546447,-0.1330086462173792,0.9999353971905922,0.6970543692608071,130.63348416289594,132.0,-0.2744526198385846,0.008435327403826187,P0_high_response,F1_Frobenius
48.0,137,287,49,0.21777777777777776,0.31404292622619023,-0.140336986276426,0.9999705496223286,0.6934649998163714,129.57333333333332,128.0,-0.28033070206105026,-0.00034327049180168934,P0_high_response,F1_Frobenius
49.0,140,287,51,0.22270742358078602,0.3231118166031343,-0.14833231763403423,0.9999880469201917,0.6892580590895842,128.55458515283843,126.0,-0.2869251052381647,-0.00973953002990377,P0_high_response,F1_Frobenius
50.0,143,287,54,0.23275862068965517,0.3323069546736248,-0.14909296222384555,0.9999873361029253,0.7004325892554941,128.35344827586206,126.0,-0.289155459253594,-0.009030465194097087,P0_high_response,F1_Frobenius
1.0,2,287,0,0.0,0.0046538827026631905,-0.0046756425948592415,1.0,0.0,163.75,161.5,-0.004675642598840101,-0.0046756425908783825,P0_high_response,F3_Longitudinal
2.0,5,287,0,0.0,0.009746657263842823,-0.009842589611373541,1.0,0.0,209.4,260.5,-0.0098425896153544,-0.009842589607392682,P0_high_response,F3_Longitudinal
3.0,8,287,0,0.0,0.015050147061707415,-0.01528011504018196,1.0,0.0,180.375,201.5,-0.01528011504416282,-0.015280115036201102,P0_high_response,F3_Longitudinal
4.0,11,287,0,0.0,0.020432624474840476,-0.020858825013324138,1.0,0.0,176.5,185.75,-0.020858825017305,-0.020858825009343277,P0_high_response,F3_Longitudinal
5.0,14,287,0,0.0,0.02588026806835551,-0.026567851178864704,1.0,0.0,172.10714285714286,174.75,-0.026567851182845565,-0.026567851174883843,P0_high_response,F3_Longitudinal
6.0,17,287,0,0.0,0.03138999299655351,-0.03240725655278288,1.0,0.0,161.3235294117647,167.5,-0.032407256556763735,-0.03240725654880202,P0_high_response,F3_Longitudinal
7.0,20,287,0,0.0,0.03696120778636175,-0.0383797704570164,1.0,0.0,155.625,161.5,-0.04825155271349829,-0.028507988200534504,P0_high_response,F3_Longitudinal
8.0,22,287,0,0.0,0.040709619858454234,-0.04243722307779989,1.0,0.0,158.86363636363637,167.5,-0.06205436015954971,-0.022820085996050066,P0_high_response,F3_Longitudinal
9.0,25,287,0,0.0,0.04638406856724672,-0.0486401988875724,1.0,0.0,162.28,171.5,-0.09233354050788792,-0.004946857267256882,P0_high_response,F3_Longitudinal
10.0,28,287,1,0.01818181818181818,0.05212139242805376,-0.03580582363091203,0.951543103316491,0.34883600254762226,160.52727272727273,170.0,-0.10460819673000028,0.03299654946817622,P0_high_response,F3_Longitudinal
11.0,31,287,1,0.01639344262295082,0.05792246522572823,-0.04408238289296225,0.9766172895340266,0.28302391065477506,157.27868852459017,170.0,-0.131015207789173,0.0428504420032485,P0_high_response,F3_Longitudinal
12.0,34,287,2,0.030303030303030304,0.06378824089150578,-0.03576670583625408,0.935469324855728,0.47505668567614534,156.83333333333334,171.5,-0.1344595932778516,0.06292618160534341,P0_high_response,F3_Longitudinal
13.0,37,287,3,0.04225352112676056,0.06971973065757008,-0.02952466093925011,0.8893372981649397,0.6060482553251622,156.69014084507043,170.0,-0.13796321382186624,0.07891389194336601,P0_high_response,F3_Longitudinal
14.0,40,287,3,0.03896103896103896,0.07571799093722684,-0.039768113644730166,0.9444666688089138,0.5145545791533108,154.94805194805195,165.0,-0.1540159728446684,0.07447974555520807,P0_high_response,F3_Longitudinal
15.0,43,287,5,0.06172839506172839,0.08178411664259075,-0.0218420547328474,0.8140189085369745,0.7547724129795402,155.5679012345679,170.0,-0.1380345470657402,0.09435043760004541,P0_high_response,F3_Longitudinal
16.0,45,287,5,0.058823529411764705,0.08586645996093402,-0.029583129121390318,0.876065504340813,0.6850582804802617,157.3235294117647,173.0,-0.14659663059997857,0.08743037235719794,P0_high_response,F3_Longitudinal
17.0,48,287,5,0.054945054945054944,0.09204822127724985,-0.04086468819345155,0.9390916283348055,0.5969159879750427,155.8186813186813,173.0,-0.15667957526736087,0.07495019888045776,P0_high_response,F3_Longitudinal
18.0,51,287,7,0.07368421052631578,0.09830093255955466,-0.027300374284644296,0.8504508936394835,0.7495779399821555,156.59473684210528,173.0,-0.14180639557658364,0.08720564700729505,P0_high_response,F3_Longitudinal
19.0,54,287,7,0.06930693069306931,0.10462580861313972,-0.03944594143970623,0.9259920522523617,0.6624267148972381,157.80693069306932,174.0,-0.1514938309063295,0.07260194802691705,P0_high_response,F3_Longitudinal
20.0,57,287,7,0.06542056074766354,0.1110240953890662,-0.05129895467904875,0.9680857142807063,0.5892465101238398,156.00467289719626,173.0,-0.16497707615450807,0.06237916679641058,P0_high_response,F3_Longitudinal
21.0,60,287,9,0.08108108108108109,0.11749707015772062,-0.041264439862140505,0.929324173741849,0.6900689606323203,154.53603603603602,171.0,-0.1573091196277155,0.07478023990343449,P0_high_response,F3_Longitudinal
22.0,63,287,10,0.08620689655172414,0.12404604190222987,-0.04319764184030582,0.9356336150441762,0.6949588655127776,152.89224137931035,170.5,-0.16111471604206257,0.07471943236145094,P0_high_response,F3_Longitudinal
23.0,66,287,10,0.08196721311475409,0.13067235187192977,-0.056026216193690394,0.974225412682375,0.6272728082149241,151.47131147540983,167.5,-0.17478238995861117,0.0627299575712304,P0_high_response,F3_Longitudinal
24.0,68,287,11,0.088,0.1351335347667466,-0.054498048729447225,0.9697738601701946,0.6512077120745521,149.308,165.0,-0.17488979439737407,0.0658936969384796,P0_high_response,F3_Longitudinal
25.0,71,287,12,0.09230769230769231,0.14189181214979343,-0.05778306342271686,0.9755428153073784,0.6505498161531986,147.7576923076923,163.5,-0.18025651307686696,0.06469038623143326,P0_high_response,F3_Longitudinal
26.0,74,287,14,0.1044776119402985,0.14873116760271046,-0.05198540575929215,0.9600038072913418,0.7024594348602056,146.40671641791045,163.5,-0.17571311369692155,0.07174230217833724,P0_high_response,F3_Longitudinal
27.0,77,287,15,0.1079136690647482,0.15565306714632526,-0.05654002664548116,0.9702620011272066,0.6932961299329968,147.18345323741008,165.0,-0.1816601161381713,0.06858006284720897,P0_high_response,F3_Longitudinal
28.0,80,287,18,0.1267605633802817,0.16265901293761287,-0.04287196030290169,0.922261257853813,0.7793024259215204,146.51760563380282,163.5,-0.16668469996605745,0.08094077936025405,P0_high_response,F3_Longitudinal
29.0,83,287,19,0.1292517006802721,0.16975054429242548,-0.04877912696448382,0.9447316693751399,0.7614214211744328,146.03401360544217,163.0,-0.1739866635147027,0.07642840958573506,P0_high_response,F3_Longitudinal
30.0,86,287,20,0.13157894736842105,0.17692923876400346,-0.05509889736270107,0.9627282093244163,0.7436811930442273,145.69736842105263,162.0,-0.18456251277928234,0.0743647180538802,P0_high_response,F3_Longitudinal
31.0,88,287,22,0.14285714285714285,0.18176425585709716,-0.047550004113679094,0.937384375283244,0.7859473920409135,144.96753246753246,159.5,-0.1797743243944648,0.0846743161671066,P0_high_response,F3_Longitudinal
32.0,91,287,24,0.1518987341772152,0.1890918353293135,-0.04586598430317026,0.928898688384917,0.8033066785388986,144.71518987341773,159.5,-0.18021631449638026,0.08848434589003973,P0_high_response,F3_Longitudinal
33.0,94,287,24,0.14634146341463414,0.19651098044577472,-0.06243958014382645,0.9757058128761291,0.7446986579715102,143.1890243902439,155.0,-0.19745747492976695,0.07257831464211406,P0_high_response,F3_Longitudinal
34.0,97,287,26,0.15476190476190477,0.20402341905632881,-0.06188814529696588,0.9736626132480559,0.7585497070764046,142.01190476190476,153.5,-0.1985580427771586,0.07478175218322686,P0_high_response,F3_Longitudinal
35.0,100,287,29,0.1695906432748538,0.21163092298898495,-0.05332563254956761,0.9513250056603997,0.8013509598674325,141.6549707602339,153.0,-0.19184580069027818,0.08519453559114297,P0_high_response,F3_Longitudinal
36.0,103,287,31,0.17714285714285713,0.21933530943402635,-0.05404683060608279,0.9521624282523611,0.8076349293689066,139.92,150.0,-0.19623445350457253,0.08814079229240696,P0_high_response,F3_Longitudinal
37.0,106,287,34,0.19101123595505617,0.227138442385254,-0.046744732060028805,0.9244343552252072,0.8409463142794572,139.45505617977528,149.0,-0.19277114071301302,0.09928167659295542,P0_high_response,F3_Longitudinal
38.0,109,287,36,0.1978021978021978,0.23504223414024727,-0.04868247372610773,0.9307617039320721,0.8415602350178958,138.17032967032966,148.5,-0.1982766900572881,0.10091174260507263,P0_high_response,F3_Longitudinal
39.0,111,287,38,0.20652173913043478,0.24036831706982825,-0.04455656431921729,0.912088094567516,0.8591886886258772,136.80434782608697,146.5,-0.19632187294208492,0.10720874430365035,P0_high_response,F3_Longitudinal
40.0,114,287,42,0.22580645161290322,0.24844425921786262,-0.030121262305042647,0.8243695730937759,0.9088817440329416,136.6720430107527,146.5,-0.18340184989758265,0.12315932528749737,P0_high_response,F3_Longitudinal
41.0,117,287,43,0.225130890052356,0.25662620785852813,-0.042368076651508095,0.898225794093076,0.8772716237012911,134.96858638743456,145.0,-0.19569417907061265,0.11095802576759645,P0_high_response,F3_Longitudinal
42.0,120,287,44,0.22448979591836735,0.26491626625342113,-0.05499573515116152,0.9475982723735574,0.847399063459616,134.19387755102042,141.5,-0.2085404235802685,0.09854895327794547,P0_high_response,F3_Longitudinal
43.0,123,287,46,0.23,0.2733165938183451,-0.059608618347226854,0.9592229663929299,0.841514950800482,133.015,139.5,-0.21259864374068904,0.09338140704623532,P0_high_response,F3_Longitudinal
44.0,126,287,48,0.23529411764705882,0.2818294080048934,-0.06479698678354082,0.9697144574474154,0.8348813536271324,132.1813725490196,135.5,-0.218864640506549,0.08927066693946736,P0_high_response,F3_Longitudinal
45.0,129,287,48,0.22857142857142856,0.29045698625940997,-0.08721889510507795,0.9939109616824809,0.7869372725890958,129.8190476190476,130.0,-0.2432744058067427,0.06883661559658681,P0_high_response,F3_Longitudinal
46.0,132,287,52,0.24528301886792453,0.29920166806289417,-0.07693889488282721,0.9858233137836823,0.8197916156549114,128.93867924528303,128.0,-0.23337758659623234,0.07949979683057792,P0_high_response,F3_Longitudinal
47.0,134,287,54,0.2523364485981308,0.30509769773546447,-0.07592613949528763,0.9843261908125628,0.8270676916641947,128.5981308411215,126.5,-0.2331489495946294,0.08129667060405411,P0_high_response,F3_Longitudinal
48.0,137,287,56,0.25688073394495414,0.31404292622619023,-0.08333202537989276,0.9904899135909663,0.8179796852355627,127.70642201834862,124.0,-0.2433464869661972,0.07668243620641169,P0_high_response,F3_Longitudinal
49.0,140,287,57,0.2556053811659193,0.3231118166031343,-0.09973055682320191,0.9973788334986717,0.7910740741489793,127.152466367713,123.0,-0.26322034838679426,0.06375923474039046,P0_high_response,F3_Longitudinal
50.0,143,287,59,0.2599118942731278,0.3323069546736248,-0.10842566192240266,0.9987268846712507,0.7821440105832277,126.76651982378854,121.0,-0.27534859074472884,0.058497266899923545,P0_high_response,F3_Longitudinal
1.0,2,287,0,0.0,0.0046538827026631905,-0.0046756425948592415,1.0,0.0,177.0,181.5,-0.004675642598760378,-0.004675642590958105,P0_high_response,F4_KelvinOp
2.0,5,287,0,0.0,0.009746657263842823,-0.009842589611373541,1.0,0.0,208.5,232.5,-0.009842589615274677,-0.009842589607472405,P0_high_response,F4_KelvinOp
3.0,8,287,0,0.0,0.015050147061707415,-0.01528011504018196,1.0,0.0,188.8125,205.5,-0.015280115044083097,-0.015280115036280824,P0_high_response,F4_KelvinOp
4.0,11,287,0,0.0,0.020432624474840476,-0.020858825013324138,1.0,0.0,174.04545454545453,196.5,-0.020858825017225274,-0.020858825009423,P0_high_response,F4_KelvinOp
5.0,14,287,0,0.0,0.02588026806835551,-0.026567851178864704,1.0,0.0,163.53571428571428,161.0,-0.02656785118276584,-0.026567851174963568,P0_high_response,F4_KelvinOp
6.0,17,287,0,0.0,0.03138999299655351,-0.03240725655278288,1.0,0.0,147.44117647058823,144.5,-0.042686891232718426,-0.02212762187284733,P0_high_response,F4_KelvinOp
7.0,20,287,0,0.0,0.03696120778636175,-0.0383797704570164,1.0,0.0,144.35,144.5,-0.06971249068115014,-0.007047050232882657,P0_high_response,F4_KelvinOp
8.0,22,287,0,0.0,0.040709619858454234,-0.04243722307779989,1.0,0.0,147.1590909090909,155.5,-0.08836636664433883,0.0034919204887390587,P0_high_response,F4_KelvinOp
9.0,25,287,0,0.0,0.04638406856724672,-0.0486401988875724,1.0,0.0,147.72,160.0,-0.1205168588979056,0.0232364611227608,P0_high_response,F4_KelvinOp
10.0,28,287,0,0.0,0.05212139242805376,-0.0549874129574104,1.0,0.0,154.08928571428572,161.5,-0.1444831121181763,0.0345082862033555,P0_high_response,F4_KelvinOp
11.0,31,287,2,0.03333333333333333,0.05792246522572823,-0.026100964076472343,0.8771890383933165,0.5754819516647093,157.31666666666666,165.0,-0.12067449465907922,0.06847256650613452,P0_high_response,F4_KelvinOp
12.0,34,287,2,0.030303030303030304,0.06378824089150578,-0.03576670583625408,0.935469324855728,0.47505668567614534,158.36363636363637,167.0,-0.1311408435858359,0.05960743191332773,P0_high_response,F4_KelvinOp
13.0,37,287,2,0.027777777777777776,0.06971973065757008,-0.04508528694200838,0.9693158316290887,0.3984206122970973,154.40972222222223,165.0,-0.14181602935408907,0.0516454554700723,P0_high_response,F4_KelvinOp
14.0,40,287,2,0.02564102564102564,0.07571799093722684,-0.05417931411104659,0.9868408732806256,0.3386384837162815,153.9551282051282,164.5,-0.15551115845718205,0.047152530235088884,P0_high_response,F4_KelvinOp
15.0,43,287,3,0.03614457831325301,0.08178411664259075,-0.04970458380926619,0.9750614382396595,0.44195107555187535,154.8734939759036,165.0,-0.1580739465181445,0.058664778899612094,P0_high_response,F4_KelvinOp
16.0,45,287,4,0.046511627906976744,0.08586645996093402,-0.04305151307792013,0.9517709501128524,0.5416739892169512,154.5639534883721,165.5,-0.15851769544409214,0.07241466928825188,P0_high_response,F4_KelvinOp
17.0,48,287,6,0.06666666666666667,0.09204822127724985,-0.027954738572447502,0.8594685939779112,0.7242580654097185,156.39444444444445,167.0,-0.14957674248982136,0.09366726534492636,P0_high_response,F4_KelvinOp
18.0,51,287,7,0.07368421052631578,0.09830093255955466,-0.027300374284644296,0.8504508936394835,0.7495779399821555,156.26842105263157,166.0,-0.15469420335628206,0.10009345478699347,P0_high_response,F4_KelvinOp
19.0,54,287,7,0.06930693069306931,0.10462580861313972,-0.03944594143970623,0.9259920522523617,0.6624267148972381,157.87623762376236,169.0,-0.17068297870354568,0.09179109582413322,P0_high_response,F4_KelvinOp
20.0,57,287,9,0.08571428571428572,0.1110240953890662,-0.028470748806017965,0.8529090952567651,0.7720331826520513,156.56666666666666,169.0,-0.16149826575867873,0.1045567681466428,P0_high_response,F4_KelvinOp
21.0,60,287,10,0.09090909090909091,0.11749707015772062,-0.030127921788748627,0.8623869215706393,0.7737136831332075,154.00454545454545,167.0,-0.16333008811316574,0.10307424453566849,P0_high_response,F4_KelvinOp
22.0,63,287,12,0.10526315789473684,0.12404604190222987,-0.021442775426555663,0.7868539396833787,0.8485813515734968,155.3201754385965,168.5,-0.1556889800021914,0.11280342914908008,P0_high_response,F4_KelvinOp
23.0,66,287,14,0.11864406779661017,0.13067235187192977,-0.01383630683001995,0.7079270718587946,0.9079508105348225,155.84322033898306,171.0,-0.14474423907294132,0.1170716254129014,P0_high_response,F4_KelvinOp
24.0,68,287,14,0.11475409836065574,0.1351335347667466,-0.023563679741698117,0.8018312451402311,0.8491903845979629,154.95901639344262,168.5,-0.1529346695410656,0.10580731005766936,P0_high_response,F4_KelvinOp
25.0,71,287,15,0.11811023622047244,0.14189181214979343,-0.02771395992491376,0.8341801603795018,0.832396418306258,153.0511811023622,168.0,-0.15493030297863636,0.09950238312880882,P0_high_response,F4_KelvinOp
26.0,74,287,16,0.12121212121212122,0.14873116760271046,-0.032327092621365974,0.8659602554879868,0.8149745824352169,152.63257575757575,165.5,-0.15975709071027266,0.09510290546754073,P0_high_response,F4_KelvinOp
27.0,77,287,17,0.12408759124087591,0.15565306714632526,-0.037384485780941,0.8957225170125891,0.797206206828064,149.82846715328466,164.0,-0.16595672417416124,0.09118775261227924,P0_high_response,F4_KelvinOp
28.0,80,287,19,0.1347517730496454,0.16265901293761287,-0.03332840541566397,0.8682853374162063,0.8284310264524279,148.16666666666666,162.0,-0.16408814815588468,0.09743133732455676,P0_high_response,F4_KelvinOp
29.0,83,287,20,0.136986301369863,0.16975054429242548,-0.03946313086666147,0.9031836360298393,0.8069859330399539,147.12671232876713,161.5,-0.17228473149569057,0.09335846976236761,P0_high_response,F4_KelvinOp
30.0,86,287,23,0.15436241610738255,0.17692923876400346,-0.027417840262886455,0.8208182296227409,0.8724528358666506,145.31208053691276,160.0,-0.16473054959946012,0.1098948690736872,P0_high_response,F4_KelvinOp
31.0,88,287,26,0.17333333333333334,0.18176425585709716,-0.010303781745192713,0.6574663292350768,0.9536161690096419,145.17,160.0,-0.1495838190876905,0.12897625559730505,P0_high_response,F4_KelvinOp
32.0,91,287,27,0.17419354838709677,0.1890918353293135,-0.018372347931984376,0.738171348729076,0.9212113684534788,143.7774193548387,158.0,-0.1567828287820286,0.12003813291805983,P0_high_response,F4_KelvinOp
33.0,94,287,27,0.16770186335403728,0.19651098044577472,-0.0358550227702187,0.8751362561578281,0.8533969092903333,143.22049689440993,158.0,-0.17474545256515475,0.10303540702471733,P0_high_response,F4_KelvinOp
34.0,97,287,28,0.1686746987951807,0.20402341905632881,-0.04440924658768274,0.9191246677355123,0.8267418494178422,142.22289156626505,157.5,-0.18308076757982392,0.09426227440445842,P0_high_response,F4_KelvinOp
35.0,100,287,30,0.17647058823529413,0.21163092298898495,-0.0445988253204908,0.9183008237331097,0.8338601265963346,141.21176470588236,156.5,-0.184150908664099,0.09495325802311738,P0_high_response,F4_KelvinOp
36.0,103,287,30,0.17045454545454544,0.21933530943402635,-0.06261428827278312,0.9730180062032073,0.777141381815755,139.85227272727272,149.5,-0.20132636674947813,0.07609779020391189,P0_high_response,F4_KelvinOp
37.0,106,287,32,0.17777777777777778,0.227138442385254,-0.06386740823261569,0.9743710939780496,0.7826846742051942,138.70555555555555,147.5,-0.20284060221688008,0.0751057857516487,P0_high_response,F4_KelvinOp
38.0,109,287,33,0.1783783783783784,0.23504223414024727,-0.07407448919507752,0.9875660581151714,0.7589205362638863,137.25945945945946,142.0,-0.21398240551151876,0.06583342712136374,P0_high_response,F4_KelvinOp
39.0,111,287,33,0.1746031746031746,0.24036831706982825,-0.0865750388569549,0.9955380837366592,0.7263984568833648,136.6031746031746,140.0,-0.22718990875621448,0.054039831042304656,P0_high_response,F4_KelvinOp
40.0,114,287,35,0.18134715025906736,0.24844425921786262,-0.08927762149613531,0.9962701026701798,0.7299309343269739,136.3782383419689,140.0,-0.23329250476100433,0.05473726176873368,P0_high_response,F4_KelvinOp
41.0,117,287,36,0.18181818181818182,0.25662620785852813,-0.10063312270512431,0.9986586937201429,0.7084942077249329,134.81313131313132,137.5,-0.24829401586482358,0.04702777045457496,P0_high_response,F4_KelvinOp
42.0,120,287,41,0.20603015075376885,0.26491626625342113,-0.08010803775989056,0.9907626166482995,0.7777180075332886,134.42713567839195,137.0,-0.23082362868490303,0.0706075531651219,P0_high_response,F4_KelvinOp
43.0,123,287,44,0.21782178217821782,0.2733165938183451,-0.07636724764601932,0.9870332792865829,0.7969577665781576,133.1039603960396,136.0,-0.22858359776417725,0.07584910247213861,P0_high_response,F4_KelvinOp
44.0,126,287,47,0.22926829268292684,0.2818294080048934,-0.07318750712967752,0.9829013474361359,0.8135002457903401,132.70731707317074,136.0,-0.2246793695762237,0.07830435531686868,P0_high_response,F4_KelvinOp
45.0,129,287,49,0.23444976076555024,0.29045698625940997,-0.07893422161765665,0.9882955380935559,0.8071754919200356,132.61722488038276,136.0,-0.22941843267298256,0.07154998943766927,P0_high_response,F4_KelvinOp
46.0,132,287,50,0.2336448598130841,0.29920166806289417,-0.0935458965328895,0.9962154585735332,0.7808942420868136,131.2429906542056,131.5,-0.24442518330631977,0.057333390240540766,P0_high_response,F4_KelvinOp
47.0,134,287,52,0.24074074074074073,0.30509769773546447,-0.09261295693653397,0.9957266577304549,0.7890611516494478,130.8564814814815,128.5,-0.24320020986608448,0.05797429599301655,P0_high_response,F4_KelvinOp
48.0,137,287,52,0.23423423423423423,0.31404292622619023,-0.1163464814975761,0.9995140159265478,0.7458669330622859,130.51351351351352,127.0,-0.2667060478360304,0.03401308484087821,P0_high_response,F4_KelvinOp
49.0,140,287,54,0.23893805309734514,0.3231118166031343,-0.12435401528709704,0.9997731365680391,0.7394902966078256,129.67256637168143,126.25,-0.27555538324624135,0.026847352672047256,P0_high_response,F4_KelvinOp
50.0,143,287,56,0.24347826086956523,0.3323069546736248,-0.13303821932223242,0.9999054349471312,0.7326908373274864,128.4391304347826,125.75,-0.28309258382481717,0.017016145180352354,P0_high_response,F4_KelvinOp
1.0,2,207,0,0.0,0.006456857870956645,-0.006498819826907944,1.0,0.0,64.5,48.5,-0.006498819830729676,-0.006498819823086212,P2,F1_Frobenius
2.0,4,207,0,0.0,0.011122815779594241,-0.011247924370267537,1.0,0.0,65.25,48.5,-0.011247924374089268,-0.011247924366445805,P2,F1_Frobenius
3.0,6,207,0,0.0,0.01600382210473546,-0.01626411002832055,1.0,0.0,61.333333333333336,49.5,-0.02415923641853017,-0.008368983638110927,P2,F1_Frobenius
4.0,8,207,0,0.0,0.020966898074285582,-0.02141592356075053,1.0,0.0,61.09375,52.0,-0.03845832479546442,-0.00437352232603664,P2,F1_Frobenius
5.0,10,207,0,0.0,0.025991658248233813,-0.026685252203782456,1.0,0.0,63.15,58.0,-0.07103099423486456,0.017660489827299654,P2,F1_Frobenius
6.0,12,207,0,0.0,0.031072415432779176,-0.03206887276994794,1.0,0.0,68.125,58.0,-0.11219591960420044,0.04805817406430457,P2,F1_Frobenius
7.0,14,207,0,0.0,0.036207304103381195,-0.03756752282678118,1.0,0.0,72.53571428571429,65.25,-0.16018607282452443,0.08505102717096208,P2,F1_Frobenius
8.0,16,207,0,0.0,0.04139582470386405,-0.04318343876509392,1.0,0.0,75.53125,68.0,-0.19954509115939878,0.11317821362921093,P2,F1_Frobenius
9.0,18,207,1,0.02857142857142857,0.04663807212234519,-0.018950456298518267,0.8195567412940211,0.6126202750507659,79.17142857142858,68.5,-0.1985909508835177,0.16069003828648115,P2,F1_Frobenius
10.0,20,207,2,0.05263157894736842,0.051934439199011924,0.0007353286282939176,0.6011758696832252,1.0134234577114631,80.60526315789474,70.75,-0.19180515927200797,0.19327581652859582,P2,F1_Frobenius
11.0,22,207,4,0.1,0.05728548595055176,0.0453101266744767,0.19080125357102973,1.745642868183382,78.725,68.0,-0.14577949248834887,0.23639974583730228,P2,F1_Frobenius
12.0,24,207,4,0.09090909090909091,0.06269187579404333,0.030104524207503144,0.29561366577394094,1.4500936486211926,81.04545454545455,70.75,-0.15939207026523178,0.21960111868023807,P2,F1_Frobenius
13.0,26,207,5,0.10638297872340426,0.06815434199363612,0.041024644372498704,0.21027566901230568,1.5609127109368572,79.95744680851064,68.5,-0.1430911291848971,0.2251404179298945,P2,F1_Frobenius
14.0,28,207,6,0.12,0.07367366895097721,0.05001081098122333,0.1538146686295908,1.628804452237183,79.94,70.75,-0.130315128957466,0.23033675091991263,P2,F1_Frobenius
15.0,31,207,6,0.10714285714285714,0.08206108652851644,0.027324008434816045,0.3076989977311177,1.305647556904145,80.46428571428571,70.75,-0.14665279230103226,0.20130080917066437,P2,F1_Frobenius
16.0,33,207,7,0.11864406779661017,0.08772624567645379,0.033890947726630635,0.2527351772483207,1.3524352590464828,81.66101694915254,73.0,-0.1354186575954906,0.20320055304875184,P2,F1_Frobenius
17.0,35,207,8,0.12903225806451613,0.09345129076599037,0.03924882020800622,0.21275361656665498,1.380743454765364,81.95161290322581,74.0,-0.1293736945322883,0.20787133494830073,P2,F1_Frobenius
18.0,37,207,8,0.12121212121212122,0.09923714989278395,0.024395956512551137,0.32777484659942446,1.2214389605412799,82.62121212121212,75.5,-0.1453175279790586,0.1941094410041609,P2,F1_Frobenius
19.0,39,207,8,0.11428571428571428,0.10508477630537333,0.010281351503168308,0.4606296653379096,1.087557287590386,84.34285714285714,76.5,-0.16405531657750974,0.18461801958384635,P2,F1_Frobenius
20.0,41,207,8,0.10810810810810811,0.11099514776220629,-0.0032474959465417386,0.5970211502688674,0.9739894967275209,82.71621621621621,75.5,-0.18247919117803907,0.17598419928495557,P2,F1_Frobenius
21.0,43,207,9,0.11688311688311688,0.1169692662424416,-9.75609976315607e-05,0.562921385973256,0.9992634872211119,82.81818181818181,76.0,-0.1888780488066665,0.1886829268114034,P2,F1_Frobenius
22.0,45,207,11,0.13924050632911392,0.12300815790549867,0.018509121344672794,0.37725863730829173,1.1319615601112065,83.10126582278481,76.0,-0.18367608813266628,0.2206943308220119,P2,F1_Frobenius
23.0,47,207,12,0.14634146341463414,0.12911287323072992,0.019782804974758456,0.3649143106910911,1.133438206065758,82.7560975609756,76.5,-0.19022762732131773,0.22979323727083464,P2,F1_Frobenius
24.0,49,207,14,0.16666666666666666,0.1352844872914943,0.03629191209589325,0.2298751165702461,1.231971750815405,83.04761904761905,77.5,-0.17865631968910883,0.25124014388089533,P2,F1_Frobenius
25.0,51,207,16,0.18604651162790697,0.1415241001326649,0.05186215652893968,0.136501727763057,1.314592436577987,81.24418604651163,76.5,-0.16553795476808297,0.26926226782596235,P2,F1_Frobenius
26.0,53,207,18,0.20454545454545456,0.14783283723031132,0.06655104748558668,0.07755923258125255,1.383626658174663,81.64772727272727,76.5,-0.1493600137284264,0.28246210869959976,P2,F1_Frobenius
27.0,55,207,20,0.2222222222222222,0.1542118500188111,0.08041064680904281,0.04271817960442867,1.4410191058282165,80.94444444444444,76.5,-0.13162172440360104,0.29244301802168665,P2,F1_Frobenius
28.0,57,207,22,0.2391304347826087,0.16066231647509882,0.09348813933621261,0.02305947894601595,1.4884040018162674,80.07608695652173,75.5,-0.11424275082836902,0.30121902950079427,P2,F1_Frobenius
29.0,60,207,24,0.25,0.17047463565771853,0.09586851440683307,0.02075563413731592,1.4664938220014951,79.20833333333333,75.0,-0.10647783160668824,0.2982148604203544,P2,F1_Frobenius
30.0,62,207,26,0.2653061224489796,0.1771090699615144,0.10717951707565952,0.011653009255386412,1.4979815686832432,78.85714285714286,75.0,-0.09261377084902118,0.30697280500034024,P2,F1_Frobenius
31.0,64,207,27,0.26732673267326734,0.18381929942755854,0.10231488344081098,0.015279409233061812,1.4542908905961656,77.07920792079207,73.0,-0.09511393534406364,0.2997437022256856,P2,F1_Frobenius
32.0,66,207,28,0.2692307692307692,0.19060662994319472,0.09713958897644104,0.020200685873308335,1.4124942522251527,75.74038461538461,72.5,-0.10127816684377583,0.2955573447966579,P2,F1_Frobenius
33.0,68,207,30,0.2830188679245283,0.19747239794244414,0.10659629620558386,0.012574950700948849,1.4332072273058525,75.5,72.5,-0.09399372891477298,0.3071863213259407,P2,F1_Frobenius
34.0,70,207,31,0.28440366972477066,0.2044179712589868,0.10053733691340293,0.017538256416979883,1.3912850615489485,75.12844036697248,72.0,-0.10065192176351691,0.3017265955903228,P2,F1_Frobenius
35.0,72,207,33,0.2972972972972973,0.2114447500158511,0.10887321754965422,0.011552166332481855,1.4060282758262392,74.62162162162163,72.0,-0.0907537347950468,0.30850016989435525,P2,F1_Frobenius
36.0,74,207,35,0.30973451327433627,0.21855416755207283,0.11668159447038752,0.007705032151893097,1.4171979273766937,74.04424778761062,72.0,-0.08062276969007186,0.3139859586308469,P2,F1_Frobenius
37.0,76,207,36,0.3103448275862069,0.2257476913868653,0.10926300801204543,0.011793906408569055,1.3747419771144722,73.77586206896552,70.25,-0.08736428277768894,0.3058902988017798,P2,F1_Frobenius
38.0,78,207,37,0.31092436974789917,0.2330268242220785,0.10156488908078326,0.01794688082462166,1.3342857449388874,73.50420168067227,68.5,-0.09457494291597474,0.29770472107754126,P2,F1_Frobenius
39.0,80,207,38,0.3114754098360656,0.24039310498392288,0.09357775096372478,0.02708070970725185,1.2956919453113955,72.63934426229508,66.75,-0.10408927773330881,0.29124477966075835,P2,F1_Frobenius
40.0,82,207,40,0.3225806451612903,0.24784810990510914,0.09935830281135499,0.020892087243907904,1.301525540319001,72.26612903225806,66.75,-0.10076899293291428,0.2994855985556243,P2,F1_Frobenius
41.0,84,207,43,0.344,0.25539345364871047,0.11899780734601119,0.00770142092099507,1.3469413373185608,72.424,67.5,-0.0831747288705469,0.3211703435625693,P2,F1_Frobenius
42.0,86,207,45,0.3543307086614173,0.2630307904751997,0.12388566171589178,0.006047070674547488,1.3471073406321452,71.48818897637796,66.0,-0.0801539462138086,0.32792526964559215,P2,F1_Frobenius
43.0,89,207,48,0.36923076923076925,0.27466300217769113,0.13037769662515558,0.004392223685163109,1.3443047163370705,70.1923076923077,65.0,-0.0767132180945328,0.33746861134484396,P2,F1_Frobenius
44.0,91,207,49,0.3684210526315789,0.2825378300197272,0.11970418261106805,0.008229347176249348,1.3039707022803113,70.15037593984962,64.0,-0.08860519300855346,0.32801355823068956,P2,F1_Frobenius
45.0,93,207,52,0.3880597014925373,0.2905107706055924,0.13749177132711218,0.003126188022578636,1.3357842144151715,69.88059701492537,64.0,-0.07209807535933768,0.3470816180135621,P2,F1_Frobenius
46.0,95,207,54,0.39705882352941174,0.29858367206809533,0.14039472356120664,0.002742314098247372,1.3298075570550894,69.59558823529412,63.5,-0.07005836386553493,0.3508478109879482,P2,F1_Frobenius
47.0,97,207,55,0.39568345323741005,0.30675842940529724,0.12827422301843175,0.005710604344457377,1.2898861622303548,68.31654676258992,62.0,-0.08460237288329886,0.34115081892016236,P2,F1_Frobenius
48.0,99,207,57,0.40425531914893614,0.31503698597261987,0.13025277474726532,0.005316074101740318,1.2831995516363603,68.09929078014184,59.0,-0.08391351776678285,0.3444190672613135,P2,F1_Frobenius
49.0,101,207,60,0.4225352112676056,0.3234213350331762,0.1464927603640731,0.002179198320720279,1.3064543538052689,68.08450704225352,60.5,-0.06913461247679994,0.3621201332049462,P2,F1_Frobenius
50.0,103,207,63,0.4405594405594406,0.3319135213688942,0.16262253864673243,0.0008486299355640634,1.327332007272447,67.6923076923077,59.0,-0.05651759921056118,0.38176267650402607,P2,F1_Frobenius
1.0,2,207,0,0.0,0.006456857870956645,-0.006498819826907944,1.0,0.0,80.0,73.0,-0.0064988198306951996,-0.006498819823120689,P2,F3_Longitudinal
2.0,4,207,0,0.0,0.011122815779594241,-0.011247924370267537,1.0,0.0,81.5,87.0,-0.011247924374054792,-0.011247924366480281,P2,F3_Longitudinal
3.0,6,207,0,0.0,0.01600382210473546,-0.01626411002832055,1.0,0.0,71.25,68.0,-0.024088012884498477,-0.008440207172142621,P2,F3_Longitudinal
4.0,8,207,0,0.0,0.020966898074285582,-0.02141592356075053,1.0,0.0,71.9375,62.0,-0.036650036940339005,-0.006181810181162055,P2,F3_Longitudinal
5.0,10,207,0,0.0,0.025991658248233813,-0.026685252203782456,1.0,0.0,82.55,70.0,-0.06638645631583404,0.013015951908269124,P2,F3_Longitudinal
6.0,12,207,0,0.0,0.031072415432779176,-0.03206887276994794,1.0,0.0,84.95833333333333,79.0,-0.0885699467684008,0.024432201228504924,P2,F3_Longitudinal
7.0,14,207,0,0.0,0.036207304103381195,-0.03756752282678118,1.0,0.0,86.10714285714286,84.25,-0.11738040919807204,0.04224536354450968,P2,F3_Longitudinal
8.0,16,207,1,0.03225806451612903,0.04139582470386405,-0.009532360095252185,0.7377275030093844,0.7792588925790368,87.80645161290323,86.5,-0.10979682678513704,0.09073210659463267,P2,F3_Longitudinal
9.0,18,207,1,0.02857142857142857,0.04663807212234519,-0.018950456298518267,0.8195567412940211,0.6126202750507659,85.48571428571428,82.0,-0.12565572259088884,0.08775480999385231,P2,F3_Longitudinal
10.0,20,207,1,0.02564102564102564,0.051934439199011924,-0.027733750328164945,0.8820379332865877,0.4937191204235334,83.53846153846153,77.0,-0.13398287838565048,0.07851537772932059,P2,F3_Longitudinal
11.0,22,207,1,0.023255813953488372,0.05728548595055176,-0.03609753694242839,0.9268548351905516,0.40596345771706555,79.88372093023256,76.0,-0.14104872173727268,0.06885364785241588,P2,F3_Longitudinal
12.0,24,207,1,0.02127659574468085,0.06269187579404333,-0.04418534202341151,0.9570606963073394,0.3393836198900663,79.02127659574468,76.0,-0.14932452942671753,0.06095384537989451,P2,F3_Longitudinal
13.0,26,207,1,0.0196078431372549,0.06815434199363612,-0.052097145529704965,0.9761829206155198,0.28769763691777367,78.41176470588235,77.0,-0.16182281516815022,0.0576285241087403,P2,F3_Longitudinal
14.0,28,207,2,0.037037037037037035,0.07367366895097721,-0.0395504593639812,0.9232981139986163,0.5027174235299947,80.31481481481481,77.0,-0.15657967565032282,0.07747875692236042,P2,F3_Longitudinal
15.0,31,207,3,0.05084745762711865,0.08206108652851644,-0.03400403713505656,0.8835753416223358,0.6196293490392553,82.45762711864407,79.0,-0.16485752464057973,0.0968494503704666,P2,F3_Longitudinal
16.0,33,207,3,0.047619047619047616,0.08772624567645379,-0.043963994214813056,0.9322114195649773,0.5428141515900848,83.6984126984127,79.0,-0.18064517279879103,0.0927171843691649,P2,F3_Longitudinal
17.0,35,207,4,0.06060606060606061,0.09345129076599037,-0.03623107046027611,0.888268048275854,0.6485310166322166,86.66666666666667,82.5,-0.18043147463015025,0.10796933370959803,P2,F3_Longitudinal
18.0,37,207,4,0.05714285714285714,0.09923714989278395,-0.04673182596830721,0.9366099232032595,0.5758212242551748,84.64285714285714,80.5,-0.20162155846716387,0.10815790653054944,P2,F3_Longitudinal
19.0,39,207,6,0.08333333333333333,0.10508477630537333,-0.02430559051419409,0.7968181141714343,0.7930105222013231,84.68055555555556,80.5,-0.18829365021664587,0.1396824691882577,P2,F3_Longitudinal
20.0,41,207,8,0.10810810810810811,0.11099514776220629,-0.0032474959465417386,0.5970211502688674,0.9739894967275209,83.87837837837837,80.5,-0.17296430034363194,0.16646930845054844,P2,F3_Longitudinal
21.0,43,207,10,0.13157894736842105,0.1169692662424416,0.01654492937500704,0.39657574954071323,1.1249018788892635,83.38157894736842,80.5,-0.1600571238517773,0.1931469826017914,P2,F3_Longitudinal
22.0,45,207,10,0.125,0.12300815790549867,0.002271220778683934,0.5371723963223378,1.0161927641907422,81.6625,78.0,-0.1784884695759867,0.1830309111333546,P2,F3_Longitudinal
23.0,47,207,11,0.13253012048192772,0.12911287323072992,0.003923869289324276,0.5190850739963161,1.0264671303928854,80.92771084337349,77.0,-0.1797229894317718,0.18757072801042038,P2,F3_Longitudinal
24.0,49,207,13,0.15294117647058825,0.1352844872914943,0.0204190730010021,0.3587133145126887,1.1305152536894307,79.90588235294118,76.0,-0.16323329143222629,0.20407143743423048,P2,F3_Longitudinal
25.0,51,207,14,0.1590909090909091,0.1415241001326649,0.020462786388014957,0.3580438038372861,1.1241259187783357,78.07954545454545,75.0,-0.16065696096770254,0.20158253374373247,P2,F3_Longitudinal
26.0,53,207,14,0.15217391304347827,0.14783283723031132,0.0050941599287371185,0.5043263905895388,1.0293647601879135,77.57608695652173,73.5,-0.1745741476129238,0.18476246747039807,P2,F3_Longitudinal
27.0,55,207,14,0.14583333333333334,0.1542118500188111,-0.009906164665069031,0.6498825084482152,0.9456687881997672,76.8125,71.5,-0.193921163354744,0.17410883402460595,P2,F3_Longitudinal
28.0,57,207,15,0.15151515151515152,0.16066231647509882,-0.010898074922041704,0.6576841930306416,0.9430658964676074,75.82828282828282,70.0,-0.20080721167024929,0.17901106182616588,P2,F3_Longitudinal
29.0,60,207,19,0.18811881188118812,0.17047463565771853,0.021270207014657587,0.3509917435723541,1.1035003017040952,76.41584158415841,71.0,-0.17981454759548984,0.22235496162480503,P2,F3_Longitudinal
30.0,62,207,23,0.22772277227722773,0.1771090699615144,0.06150718214058598,0.09733113192610236,1.2857770204920145,76.41584158415841,71.0,-0.1483424122103312,0.27135677649150314,P2,F3_Longitudinal
31.0,64,207,24,0.23076923076923078,0.18381929942755854,0.05752394207403232,0.11406534949258319,1.2554135038479721,75.39423076923077,70.5,-0.15935004121743684,0.2743979253655015,P2,F3_Longitudinal
32.0,66,207,26,0.24528301886792453,0.19060662994319472,0.06755230639076336,0.07773715142456075,1.2868546017576863,74.83962264150944,69.0,-0.15391908109944336,0.28902369388097005,P2,F3_Longitudinal
33.0,68,207,28,0.25925925925925924,0.19747239794244414,0.07699032551454082,0.0527638321854017,1.3128885958777068,74.4074074074074,69.0,-0.1480336969526301,0.3020143479817118,P2,F3_Longitudinal
34.0,70,207,31,0.28440366972477066,0.2044179712589868,0.10053733691340293,0.017538256416979883,1.3912850615489485,74.5045871559633,70.0,-0.12386070677756382,0.32493538060436966,P2,F3_Longitudinal
35.0,72,207,34,0.3090909090909091,0.2114447500158511,0.1238291915208488,0.005016817802742871,1.4618046041234785,74.42727272727272,69.0,-0.09895995961796876,0.34661834265966635,P2,F3_Longitudinal
36.0,74,207,37,0.3333333333333333,0.21855416755207283,0.14688051431755375,0.0012523926247180984,1.52517491231968,74.54954954954955,70.0,-0.0722427466460944,0.36600377528120187,P2,F3_Longitudinal
37.0,76,207,40,0.35714285714285715,0.2257476913868653,0.16970587532551376,0.0002763122188970402,1.5820443387428451,73.99107142857143,69.0,-0.04325973784465678,0.38267148849568433,P2,F3_Longitudinal
38.0,78,207,41,0.3565217391304348,0.2330268242220785,0.16101595050322134,0.0005234989028404639,1.5299600821520167,72.96521739130435,66.0,-0.04815366847770891,0.3701855694841516,P2,F3_Longitudinal
39.0,80,207,42,0.3559322033898305,0.24039310498392288,0.15210380417026392,0.000983539547238014,1.480625675239873,72.20338983050847,64.0,-0.05755691017549874,0.3617645185160266,P2,F3_Longitudinal
40.0,82,207,43,0.35537190082644626,0.24784810990510914,0.14295489027857392,0.001827869697907705,1.433829376235726,71.65289256198348,64.0,-0.06788184975582384,0.35379163031297167,P2,F3_Longitudinal
41.0,84,207,43,0.344,0.25539345364871047,0.11899780734601119,0.00770142092099507,1.3469413373185608,70.8,64.0,-0.0908330669091184,0.32882868160114076,P2,F3_Longitudinal
42.0,86,207,43,0.3333333333333333,0.2630307904751997,0.09539413851966062,0.026398579932302622,1.2672787574835738,69.63565891472868,61.0,-0.11565346332868308,0.3064417403680043,P2,F3_Longitudinal
43.0,89,207,46,0.3484848484848485,0.27466300217769113,0.1017759283323392,0.020105159629733454,1.2687724437651013,68.89393939393939,61.0,-0.11104598615050662,0.314597842815185,P2,F3_Longitudinal
44.0,91,207,49,0.3684210526315789,0.2825378300197272,0.11970418261106805,0.008229347176249348,1.3039707022803113,68.56390977443608,61.0,-0.09401220062979748,0.3334205658519336,P2,F3_Longitudinal
45.0,93,207,53,0.39849624060150374,0.2905107706055924,0.15220170444036699,0.0012752106201505179,1.3717090067635263,68.56390977443608,61.0,-0.06568024635723915,0.37008365523797315,P2,F3_Longitudinal
46.0,95,207,56,0.417910447761194,0.29858367206809533,0.1701226089859192,0.00041537998874197724,1.3996426692276893,68.77611940298507,61.0,-0.051531388670115946,0.39177660664195435,P2,F3_Longitudinal
47.0,97,207,58,0.4264705882352941,0.30675842940529724,0.17268462237095913,0.0003692179185551334,1.3902489625536256,68.1470588235294,60.5,-0.05112547920391597,0.39649472394583424,P2,F3_Longitudinal
48.0,99,207,59,0.4244604316546763,0.31503698597261987,0.15975088207855034,0.0009143585759033867,1.3473352353985717,67.53237410071942,60.0,-0.06635174449878947,0.3858535086558902,P2,F3_Longitudinal
49.0,101,207,62,0.44285714285714284,0.3234213350331762,0.17652907785648725,0.0003203268420132504,1.3692885870120937,67.47142857142858,60.0,-0.051356718491004844,0.40441487420397937,P2,F3_Longitudinal
50.0,103,207,64,0.4507042253521127,0.3319135213688942,0.17780737641423006,0.00031281017948845606,1.357896549358086,67.02816901408451,60.0,-0.05408287819598498,0.4096976310244451,P2,F3_Longitudinal
1.0,2,207,0,0.0,0.006456857870956645,-0.006498819826907944,1.0,0.0,69.5,49.0,-0.0064988198308584075,-0.006498819822957481,P2,F4_KelvinOp
2.0,4,207,0,0.0,0.011122815779594241,-0.011247924370267537,1.0,0.0,81.25,79.0,-0.011247924374218,-0.011247924366317073,P2,F4_KelvinOp
3.0,6,207,0,0.0,0.01600382210473546,-0.01626411002832055,1.0,0.0,71.58333333333333,60.0,-0.01626411003227101,-0.016264110024370088,P2,F4_KelvinOp
4.0,8,207,0,0.0,0.020966898074285582,-0.02141592356075053,1.0,0.0,71.0,60.0,-0.04354676579701419,0.0007149186755131369,P2,F4_KelvinOp
5.0,10,207,0,0.0,0.025991658248233813,-0.026685252203782456,1.0,0.0,72.1,60.0,-0.08072131810924468,0.02735081370167977,P2,F4_KelvinOp
6.0,12,207,0,0.0,0.031072415432779176,-0.03206887276994794,1.0,0.0,73.75,60.0,-0.11550515859166348,0.051367413051767605,P2,F4_KelvinOp
7.0,14,207,0,0.0,0.036207304103381195,-0.03756752282678118,1.0,0.0,80.14285714285714,61.25,-0.14171057073680368,0.06657552508324133,P2,F4_KelvinOp
8.0,16,207,1,0.03225806451612903,0.04139582470386405,-0.009532360095252185,0.7377275030093844,0.7792588925790368,84.03225806451613,69.0,-0.11941517705361547,0.1003504568631111,P2,F4_KelvinOp
9.0,18,207,1,0.02857142857142857,0.04663807212234519,-0.018950456298518267,0.8195567412940211,0.6126202750507659,80.4,62.0,-0.1300254714302926,0.09212455883325608,P2,F4_KelvinOp
10.0,20,207,1,0.02564102564102564,0.051934439199011924,-0.027733750328164945,0.8820379332865877,0.4937191204235334,82.71794871794872,69.0,-0.1358446691011861,0.0803771684448562,P2,F4_KelvinOp
11.0,22,207,1,0.023255813953488372,0.05728548595055176,-0.03609753694242839,0.9268548351905516,0.40596345771706555,83.44186046511628,69.0,-0.1411086555708542,0.0689135816859974,P2,F4_KelvinOp
12.0,24,207,1,0.02127659574468085,0.06269187579404333,-0.04418534202341151,0.9570606963073394,0.3393836198900663,81.82978723404256,69.0,-0.15071044356687435,0.062339759520051316,P2,F4_KelvinOp
13.0,26,207,1,0.0196078431372549,0.06815434199363612,-0.052097145529704965,0.9761829206155198,0.28769763691777367,79.23529411764706,62.0,-0.17124018535285723,0.06704589429344732,P2,F4_KelvinOp
14.0,28,207,1,0.01818181818181818,0.07367366895097721,-0.059905293533345866,0.9875441381707155,0.24678855336927016,81.30909090909091,69.0,-0.197745541093216,0.07793495402652426,P2,F4_KelvinOp
15.0,31,207,2,0.03333333333333333,0.08206108652851644,-0.05308387353457249,0.9681681170989922,0.4062014621479562,83.21666666666667,79.0,-0.21883033806834928,0.1126625909992043,P2,F4_KelvinOp
16.0,33,207,4,0.06451612903225806,0.08772624567645379,-0.025442052381969598,0.8175983599271651,0.7354256247349538,83.91935483870968,79.5,-0.20296687458177043,0.15208276981783125,P2,F4_KelvinOp
17.0,35,207,6,0.09375,0.09345129076599037,0.00032950158217314146,0.5675976121731474,1.0031964163529599,83.703125,79.5,-0.18386515702682754,0.18452416019117385,P2,F4_KelvinOp
18.0,37,207,7,0.1044776119402985,0.09923714989278395,0.005817804372028428,0.5080863198783669,1.0528074622575956,83.02985074626865,79.0,-0.1829441779389878,0.19457978668304463,P2,F4_KelvinOp
19.0,39,207,9,0.13043478260869565,0.10508477630537333,0.02832671255570521,0.2930362062141703,1.2412338608368536,83.43478260869566,79.0,-0.1653630197716086,0.22201644488301903,P2,F4_KelvinOp
20.0,41,207,9,0.1232876712328767,0.11099514776220629,0.013827285013943183,0.42393454460704616,1.110748295925563,83.46575342465754,79.0,-0.18219935246087768,0.20985392248876403,P2,F4_KelvinOp
21.0,43,207,11,0.14666666666666667,0.1169692662424416,0.03363121949091602,0.24978524899413349,1.2538906276685657,81.44,79.0,-0.16566998260931776,0.2329324215911498,P2,F4_KelvinOp
22.0,45,207,12,0.15384615384615385,0.12300815790549867,0.03516337833543063,0.23812912396155417,1.2506987866962982,81.41025641025641,79.0,-0.1696395299247808,0.23996628659564204,P2,F4_KelvinOp
23.0,47,207,14,0.175,0.12911287323072992,0.05269009652203442,0.13209273952123207,1.3554031880869688,81.8875,79.0,-0.1549801567042175,0.2603603497482863,P2,F4_KelvinOp
24.0,49,207,15,0.18072289156626506,0.1352844872914943,0.05254722924126373,0.13290978292715322,1.3358729828118852,81.92771084337349,79.0,-0.15418393821656695,0.2592783966990944,P2,F4_KelvinOp
25.0,51,207,15,0.1724137931034483,0.1415241001326649,0.03598201530824214,0.2322073453539752,1.2182645425183933,81.0919540229885,79.0,-0.17061802461510797,0.24258205523159224,P2,F4_KelvinOp
26.0,53,207,15,0.16483516483516483,0.14783283723031132,0.019951869008415023,0.3624765889261332,1.1150104937671277,79.35164835164835,77.0,-0.18658576796074267,0.22648950597757272,P2,F4_KelvinOp
27.0,55,207,17,0.1827956989247312,0.1542118500188111,0.03379551830627541,0.2486123932866026,1.1853544257619202,79.33333333333333,77.0,-0.17083312096077494,0.23842415757332577,P2,F4_KelvinOp
28.0,57,207,18,0.1875,0.16066231647509882,0.0319748345054556,0.2626325892852321,1.167044046878664,78.73958333333333,76.0,-0.17222324898887295,0.23617291799978415,P2,F4_KelvinOp
29.0,60,207,21,0.21212121212121213,0.17047463565771853,0.05020530806374384,0.14708846890920682,1.244297788364905,78.11111111111111,75.0,-0.15437339094280408,0.25478400707029175,P2,F4_KelvinOp
30.0,62,207,23,0.22772277227722773,0.1771090699615144,0.06150718214058598,0.09733113192610236,1.2857770204920145,77.64356435643565,75.0,-0.1445433210271247,0.26755768530829666,P2,F4_KelvinOp
31.0,64,207,23,0.21904761904761905,0.18381929942755854,0.04316240214373185,0.1882492361924187,1.1916464687318844,75.46666666666667,69.0,-0.1669993869311264,0.25332419121859007,P2,F4_KelvinOp
32.0,66,207,27,0.2571428571428571,0.19060662994319472,0.08220505586176562,0.041344081574273814,1.3490761429415743,75.46666666666667,69.0,-0.1286525840478372,0.2930626957713684,P2,F4_KelvinOp
33.0,68,207,29,0.27102803738317754,0.19747239794244414,0.09165496520262754,0.02686433078430985,1.372485674996321,75.25233644859813,69.0,-0.11965889387578031,0.3029688242810354,P2,F4_KelvinOp
34.0,70,207,32,0.2962962962962963,0.2044179712589868,0.11548567177001776,0.007893925079861013,1.4494630509805053,74.81481481481481,68.5,-0.09598385782063806,0.3269552013606736,P2,F4_KelvinOp
35.0,72,207,34,0.3090909090909091,0.2114447500158511,0.1238291915208488,0.005016817802742871,1.4618046041234785,74.67272727272727,68.5,-0.08526713752910191,0.3329255205707995,P2,F4_KelvinOp
36.0,74,207,35,0.30973451327433627,0.21855416755207283,0.11668159447038752,0.007705032151893097,1.4171979273766937,74.27433628318585,68.0,-0.09135397314105918,0.3247171620818342,P2,F4_KelvinOp
37.0,76,207,36,0.3103448275862069,0.2257476913868653,0.10926300801204543,0.011793906408569055,1.3747419771144722,73.5,65.0,-0.09908470527978071,0.3176107213038716,P2,F4_KelvinOp
38.0,78,207,38,0.3220338983050847,0.2330268242220785,0.11604978752057217,0.008364593255072042,1.3819606364208998,72.78813559322033,62.0,-0.08957737163748246,0.3216769466786268,P2,F4_KelvinOp
39.0,80,207,40,0.3333333333333333,0.24039310498392288,0.12235306045693983,0.006040046795358426,1.3866176958595635,72.29166666666667,61.25,-0.0841248279978398,0.3288309489117195,P2,F4_KelvinOp
40.0,82,207,41,0.3333333333333333,0.24784810990510914,0.1136542027667303,0.010019196621567557,1.344909724996301,71.59349593495935,60.5,-0.0918869966530256,0.31919540218648623,P2,F4_KelvinOp
41.0,84,207,43,0.344,0.25539345364871047,0.11899780734601119,0.00770142092099507,1.3469413373185608,71.336,60.5,-0.08754367277963081,0.32553928747165317,P2,F4_KelvinOp
42.0,86,207,44,0.34375,0.2630307904751997,0.10952860510529094,0.01311372618958773,1.3068812186549355,70.1171875,60.0,-0.09731849267573892,0.3163757028863208,P2,F4_KelvinOp
43.0,89,207,47,0.35877862595419846,0.27466300217769113,0.1159676454241946,0.00975160729732149,1.3062502889343988,69.38167938931298,60.0,-0.09417273358390779,0.32610802443229703,P2,F4_KelvinOp
44.0,91,207,49,0.3684210526315789,0.2825378300197272,0.11970418261106805,0.008229347176249348,1.3039707022803113,69.84962406015038,60.0,-0.09010408628325944,0.32951245150539554,P2,F4_KelvinOp
45.0,93,207,51,0.37777777777777777,0.2905107706055924,0.12299976314886853,0.007109357081318509,1.300391641212718,69.55555555555556,60.0,-0.09096837082588495,0.336967897123622,P2,F4_KelvinOp
46.0,95,207,53,0.38686131386861317,0.29858367206809533,0.12585626864547136,0.006292709314549319,1.2956546189852778,69.27007299270073,60.0,-0.09492588840119753,0.34663842569214026,P2,F4_KelvinOp
47.0,97,207,56,0.4057971014492754,0.30675842940529724,0.14286314647723308,0.002471154107667036,1.3228555845587724,68.79710144927536,59.75,-0.08277315767100935,0.3684994506254755,P2,F4_KelvinOp
48.0,99,207,58,0.4142857142857143,0.31503698597261987,0.14489647802958183,0.0022886286975983164,1.3150383375040295,68.11428571428571,58.25,-0.08737628260517502,0.3771692386643387,P2,F4_KelvinOp
49.0,101,207,60,0.4225352112676056,0.3234213350331762,0.1464927603640731,0.002179198320720279,1.3064543538052689,67.48591549295774,57.0,-0.09039112665883309,0.3833766473869793,P2,F4_KelvinOp
50.0,103,207,64,0.4507042253521127,0.3319135213688942,0.17780737641423006,0.00031281017948845606,1.357896549358086,67.48591549295774,57.0,-0.06753581103871456,0.42315056386717464,P2,F4_KelvinOp
1.0,1,116,0,0.0,0.008620689655172414,-0.008695652173913044,1.0,0.0,48.5,48.5,-0.00869565217774259,-0.008695652170083498,P2_high_response,F1_Frobenius
2.0,2,116,0,0.0,0.011544227886056972,-0.011679053541635068,1.0,0.0,53.75,48.5,-0.011679053545464614,-0.011679053537805522,P2_high_response,F1_Frobenius
3.0,3,116,0,0.0,0.0156525684526158,-0.015901467257358637,1.0,0.0,55.833333333333336,48.5,-0.015901467261188185,-0.01590146725352909,P2_high_response,F1_Frobenius
4.0,4,116,0,0.0,0.019963255447264724,-0.02036990506552432,1.0,0.0,54.375,48.5,-0.020369905069353867,-0.02036990506169477,P2_high_response,F1_Frobenius
5.0,5,116,0,0.0,0.02436754325018037,-0.024976150682150703,1.0,0.0,50.0,47.0,-0.02497615068598025,-0.024976150678321155,P2_high_response,F1_Frobenius
6.0,6,116,0,0.0,0.028836156147984713,-0.029692369964690254,1.0,0.0,53.166666666666664,49.5,-0.029692369968519802,-0.029692369960860707,P2_high_response,F1_Frobenius
7.0,8,116,0,0.0,0.037928750264198154,-0.039424055416492194,1.0,0.0,53.96875,52.0,-0.05959537112129407,-0.019252739711690316,P2_high_response,F1_Frobenius
8.0,9,116,0,0.0,0.04254563521284999,-0.04443620163798433,1.0,0.0,56.611111111111114,59.25,-0.08463593109748642,-0.004236472178482234,P2_high_response,F1_Frobenius
9.0,10,116,0,0.0,0.04720773377516669,-0.04954672224850631,1.0,0.0,54.6,57.5,-0.10044990302594639,0.0013564585289337766,P2_high_response,F1_Frobenius
10.0,11,116,0,0.0,0.05191459712376025,-0.054757300308880534,1.0,0.0,55.68181818181818,57.5,-0.11946898554078014,0.009954384923019068,P2_high_response,F1_Frobenius
11.0,12,116,0,0.0,0.0566661396467397,-0.060070079139870294,1.0,0.0,57.125,57.5,-0.14408530343688508,0.02394514515714448,P2_high_response,F1_Frobenius
12.0,13,116,0,0.0,0.06146249802367528,-0.06548752489298582,1.0,0.0,57.42307692307692,57.5,-0.1729908530051935,0.042015803219221895,P2_high_response,F1_Frobenius
13.0,15,116,0,0.0,0.07119088389759957,-0.07664748618784104,1.0,0.0,60.5,65.25,-0.23142066192208477,0.0781256895464027,P2_high_response,F1_Frobenius
14.0,16,116,0,0.0,0.07612374023129735,-0.08239603456241568,1.0,0.0,60.4375,65.25,-0.25632242885020406,0.09153035972537274,P2_high_response,F1_Frobenius
15.0,17,116,0,0.0,0.08110302450731748,-0.08826128137360849,1.0,0.0,60.911764705882355,65.25,-0.27589253678285136,0.09936997403563437,P2_high_response,F1_Frobenius
16.0,18,116,1,0.02857142857142857,0.08612928048010599,-0.06298248830963277,0.9634058699627523,0.33172724086587435,61.714285714285715,65.5,-0.26181970686909783,0.1358547302498323,P2_high_response,F1_Frobenius
17.0,19,116,1,0.02702702702702703,0.09120308551695765,-0.07061650129659205,0.9759188981845685,0.2963389546947051,61.189189189189186,65.5,-0.2759928765738727,0.13475987398068862,P2_high_response,F1_Frobenius
18.0,20,116,2,0.05263157894736842,0.09632504537380861,-0.04835086576512919,0.9047761213577482,0.5463955790845574,61.81578947368421,66.0,-0.2570149926547997,0.1603132611245413,P2_high_response,F1_Frobenius
19.0,22,116,4,0.1,0.10671597399417844,-0.007518296307399396,0.6442922743472725,0.9370668350499729,60.675,65.25,-0.22110383318149024,0.20606724056669146,P2_high_response,F1_Frobenius
20.0,23,116,4,0.09523809523809523,0.11198626893182467,-0.018860264326750188,0.723708628060501,0.8504443995368268,61.476190476190474,66.0,-0.2304970641134047,0.1927765354599043,P2_high_response,F1_Frobenius
21.0,24,116,4,0.09090909090909091,0.11730736807699924,-0.029906533954404985,0.7930431654279624,0.7749648841274762,61.34090909090909,66.0,-0.23867918492078422,0.17886611701197425,P2_high_response,F1_Frobenius
22.0,25,116,5,0.1111111111111111,0.12267998259272765,-0.013186603807132793,0.6780375948204117,0.9056987844543244,60.68888888888889,65.5,-0.22023862707033823,0.19386541945607264,P2_high_response,F1_Frobenius
23.0,26,116,5,0.10638297872340426,0.12810484158849,-0.024913388559996613,0.7558567148233396,0.8304368313036701,60.59574468085106,65.5,-0.2318180554766748,0.18199127835668158,P2_high_response,F1_Frobenius
24.0,27,116,6,0.125,0.13358269178601007,-0.009905956061406719,0.6499214834957766,0.9357499712630516,60.166666666666664,65.25,-0.2163308078793067,0.19651889575649328,P2_high_response,F1_Frobenius
25.0,29,116,6,0.11538461538461539,0.1447004398129186,-0.03427550508957459,0.805209250530588,0.7974033495253693,60.80769230769231,65.25,-0.23715124445049834,0.16860023427134918,P2_high_response,F1_Frobenius
26.0,30,116,6,0.1111111111111111,0.15034191817103798,-0.046172463840371165,0.8639470722909132,0.7390560960164446,59.7962962962963,65.0,-0.2464136796783715,0.15406875199762918,P2_high_response,F1_Frobenius
27.0,31,116,6,0.10714285714285714,0.15603954895964034,-0.057937183853233515,0.9093244857582368,0.6866391107716523,60.035714285714285,65.0,-0.25718428792306625,0.1413099202165992,P2_high_response,F1_Frobenius
28.0,32,116,7,0.12280701754385964,0.1617941664658371,-0.04651261940947642,0.861036162247919,0.7590324189456509,60.35087719298246,65.0,-0.2456065576559352,0.15258131883698234,P2_high_response,F1_Frobenius
29.0,33,116,7,0.11864406779661017,0.1676066229646362,-0.05882141367151444,0.9083278607711345,0.7078721932225985,59.96610169491525,65.0,-0.2581192639185246,0.1404764365754957,P2_high_response,F1_Frobenius
30.0,34,116,8,0.13333333333333333,0.1734777890048108,-0.04857032894874152,0.8661110382662687,0.7685902275918204,60.13333333333333,65.25,-0.24712199518533318,0.14998133728785012,P2_high_response,F1_Frobenius
31.0,35,116,8,0.12903225806451613,0.17940855373359796,-0.06139022761971047,0.9132061158768591,0.7192090643354435,59.38709677419355,65.0,-0.2598052802818025,0.13702482504238153,P2_high_response,F1_Frobenius
32.0,37,116,8,0.12121212121212122,0.1914525310230104,-0.08687233898556444,0.969282600945074,0.6331184057188197,59.06060606060606,65.0,-0.2851396258154082,0.11139494784427932,P2_high_response,F1_Frobenius
33.0,38,116,8,0.11764705882352941,0.19756761825294814,-0.099597874222643,0.9833297234096033,0.595477436352472,59.279411764705884,65.0,-0.2990424812699232,0.09984673282463723,P2_high_response,F1_Frobenius
34.0,39,116,8,0.11428571428571428,0.20374605437274682,-0.11235151873132596,0.9915261533713593,0.5609223434414699,59.4,65.0,-0.3129263693744684,0.08822333191181644,P2_high_response,F1_Frobenius
35.0,40,116,8,0.1111111111111111,0.209988827489063,-0.1251598962375219,0.9959791700311782,0.5291286800336946,58.458333333333336,65.0,-0.325425097485163,0.07510530501011917,P2_high_response,F1_Frobenius
36.0,41,116,8,0.10810810810810811,0.21629694688148132,-0.13804825481139463,0.9982256202750531,0.49981338001661824,58.2027027027027,64.5,-0.33993824767241465,0.06384173804962537,P2_high_response,F1_Frobenius
37.0,42,116,9,0.12,0.22267144351941764,-0.13208242854767988,0.9970546277628258,0.538910594476546,58.06666666666667,64.0,-0.3369889323666717,0.07282407527131196,P2_high_response,F1_Frobenius
38.0,44,116,10,0.1282051282051282,0.2356238041208879,-0.1405311631823085,0.9980648851278928,0.5441094064475419,58.243589743589745,63.0,-0.35241546663473833,0.07135314027012135,P2_high_response,F1_Frobenius
39.0,45,116,11,0.13924050632911392,0.24220384344566154,-0.135872076185655,0.997130636770701,0.574889747199047,58.10126582278481,62.0,-0.35101747194930866,0.07927331957799869,P2_high_response,F1_Frobenius
40.0,46,116,11,0.13580246913580246,0.2488546119325879,-0.15050633950858988,0.9988691490987197,0.5457100757794673,58.01234567901235,62.0,-0.3693590931183749,0.06834641410119516,P2_high_response,F1_Frobenius
41.0,47,116,12,0.14634146341463414,0.25557725755641636,-0.1467389265717667,0.9983915122509666,0.5725918840111608,57.71951219512195,61.0,-0.37020541535121376,0.07672756220768037,P2_high_response,F1_Frobenius
42.0,48,116,13,0.1566265060240964,0.26237295356600143,-0.1433603174573494,0.9978182088903019,0.5969613250730742,57.80722891566265,62.0,-0.37002941600590955,0.08330878109121079,P2_high_response,F1_Frobenius
43.0,49,116,14,0.16666666666666666,0.26924289916412625,-0.14036980602737648,0.9971621330721125,0.6190197297090806,57.73809523809524,61.0,-0.3686265531570126,0.08788694110225964,P2_high_response,F1_Frobenius
44.0,51,116,16,0.18604651162790697,0.2832104699601669,-0.13555437720590086,0.9956934140218013,0.6569196105429086,56.52325581395349,59.5,-0.3626055967889992,0.09149684237719749,P2_high_response,F1_Frobenius
45.0,52,116,17,0.19540229885057472,0.2903106298033973,-0.1337322143158639,0.9949420580151195,0.6730800693825923,56.52873563218391,59.0,-0.36084287773008145,0.09337844909835363,P2_high_response,F1_Frobenius
46.0,53,116,18,0.20454545454545456,0.29749011006571185,-0.13230369686176408,0.994226094467392,0.6875706036085469,56.31818181818182,58.5,-0.35872079816834457,0.09411340444481645,P2_high_response,F1_Frobenius
47.0,54,116,19,0.21348314606741572,0.30475025081111756,-0.13127240225570622,0.9935811877476336,0.7005183605237829,55.741573033707866,58.0,-0.35598284959009074,0.09343804507867828,P2_high_response,F1_Frobenius
48.0,55,116,20,0.2222222222222222,0.31209242268422144,-0.13064284131405202,0.9930404748404218,0.712039787159681,55.74444444444445,58.0,-0.3564178057230728,0.09513212309496877,P2_high_response,F1_Frobenius
49.0,56,116,21,0.23076923076923078,0.3195180277806926,-0.13042049699276917,0.9926322985614625,0.7222416599529831,55.637362637362635,58.0,-0.35604105488043847,0.09520006089490013,P2_high_response,F1_Frobenius
50.0,58,116,22,0.23404255319148937,0.33462530872342733,-0.15116708953711808,0.9974383038644017,0.6994167718046961,54.840425531914896,56.5,-0.37864879749294633,0.0763146184187102,P2_high_response,F1_Frobenius
1.0,1,116,0,0.0,0.008620689655172414,-0.008695652173913044,1.0,0.0,69.5,69.5,-0.008695652178438417,-0.00869565216938767,P2_high_response,F3_Longitudinal
2.0,2,116,0,0.0,0.011544227886056972,-0.011679053541635068,1.0,0.0,65.25,65.5,-0.011679053546160442,-0.011679053537109695,P2_high_response,F3_Longitudinal
3.0,3,116,0,0.0,0.0156525684526158,-0.015901467257358637,1.0,0.0,66.41666666666667,68.75,-0.01590146726188401,-0.015901467252833264,P2_high_response,F3_Longitudinal
4.0,4,116,0,0.0,0.019963255447264724,-0.02036990506552432,1.0,0.0,70.0,80.0,-0.020369905070049692,-0.020369905060998946,P2_high_response,F3_Longitudinal
5.0,5,116,0,0.0,0.02436754325018037,-0.024976150682150703,1.0,0.0,65.4,75.25,-0.024976150686676076,-0.02497615067762533,P2_high_response,F3_Longitudinal
6.0,6,116,0,0.0,0.028836156147984713,-0.029692369964690254,1.0,0.0,62.916666666666664,64.0,-0.029692369969215628,-0.02969236996016488,P2_high_response,F3_Longitudinal
7.0,8,116,0,0.0,0.037928750264198154,-0.039424055416492194,1.0,0.0,61.5625,58.5,-0.05156309126588454,-0.02728501956709985,P2_high_response,F3_Longitudinal
8.0,9,116,0,0.0,0.04254563521284999,-0.04443620163798433,1.0,0.0,63.44444444444444,58.5,-0.06456954433942755,-0.024302858936541098,P2_high_response,F3_Longitudinal
9.0,10,116,0,0.0,0.04720773377516669,-0.04954672224850631,1.0,0.0,66.6,65.5,-0.08233917548514483,-0.01675426901186778,P2_high_response,F3_Longitudinal
10.0,11,116,0,0.0,0.05191459712376025,-0.054757300308880534,1.0,0.0,68.0,73.0,-0.10162406615126389,-0.007890534466497179,P2_high_response,F3_Longitudinal
11.0,12,116,0,0.0,0.0566661396467397,-0.060070079139870294,1.0,0.0,66.58333333333333,73.0,-0.12571977603847134,0.005579617758730754,P2_high_response,F3_Longitudinal
12.0,13,116,0,0.0,0.06146249802367528,-0.06548752489298582,1.0,0.0,67.23076923076923,73.0,-0.15217639136697447,0.021201341581002855,P2_high_response,F3_Longitudinal
13.0,15,116,0,0.0,0.07119088389759957,-0.07664748618784104,1.0,0.0,69.3,77.25,-0.1962749846531567,0.04298001227747464,P2_high_response,F3_Longitudinal
14.0,16,116,1,0.03225806451612903,0.07612374023129735,-0.04748003344749904,0.9225492609023733,0.42375827065400185,68.70967741935483,75.0,-0.1781594985408388,0.0831994316458407,P2_high_response,F3_Longitudinal
15.0,17,116,1,0.030303030303030304,0.08110302450731748,-0.05528366678652944,0.9460013447011346,0.37363625446910714,67.9090909090909,71.0,-0.19069533608587882,0.08012800251281996,P2_high_response,F3_Longitudinal
16.0,18,116,1,0.02857142857142857,0.08612928048010599,-0.06298248830963277,0.9634058699627523,0.33172724086587435,67.22857142857143,71.0,-0.19849549411054276,0.07253051749127723,P2_high_response,F3_Longitudinal
17.0,19,116,1,0.02702702702702703,0.09120308551695765,-0.07061650129659205,0.9759188981845685,0.2963389546947051,65.48648648648648,71.0,-0.20547284972547178,0.06423984713228767,P2_high_response,F3_Longitudinal
18.0,20,116,1,0.02564102564102564,0.09632504537380861,-0.07821841179832374,0.984628430491712,0.2661927180155536,65.41025641025641,71.0,-0.2112873406543886,0.05485051705774112,P2_high_response,F3_Longitudinal
19.0,22,116,1,0.023255813953488372,0.10671597399417844,-0.09343070917082105,0.9943094011455749,0.21792251977906346,62.93023255813954,65.0,-0.2241322851504636,0.037270866808821496,P2_high_response,F3_Longitudinal
20.0,23,116,1,0.022222222222222223,0.11198626893182467,-0.10108407513206687,0.9967077476976209,0.19843702655859294,62.53333333333333,61.0,-0.23118786873813774,0.029019718474004016,P2_high_response,F3_Longitudinal
21.0,24,116,1,0.02127659574468085,0.11730736807699924,-0.10879299187431686,0.9981614546629101,0.18137476011494122,62.319148936170215,61.0,-0.2405471292941666,0.0229611455455329,P2_high_response,F3_Longitudinal
22.0,25,116,1,0.02040816326530612,0.12267998259272765,-0.11657299195071777,0.9990103482330126,0.16635283796099834,62.795918367346935,65.0,-0.2524887346052295,0.019342750703793987,P2_high_response,F3_Longitudinal
23.0,26,116,1,0.0196078431372549,0.12810484158849,-0.12443812470401122,0.9994873075618432,0.15306090616185292,61.666666666666664,64.0,-0.26518300500718506,0.016306755599162642,P2_high_response,F3_Longitudinal
24.0,27,116,1,0.018867924528301886,0.13358269178601007,-0.1324012876591515,0.9997447930974509,0.14124527868121534,61.60377358490566,64.0,-0.27799819048003654,0.013195615161733565,P2_high_response,F3_Longitudinal
25.0,29,116,2,0.03571428571428571,0.1447004398129186,-0.12742454126223815,0.9991503064075246,0.24681532247213808,61.57142857142857,64.5,-0.28278606659410055,0.02793698406962422,P2_high_response,F3_Longitudinal
26.0,30,116,3,0.05263157894736842,0.15034191817103798,-0.11499959961934295,0.9968064108976147,0.3500792033762106,61.80701754385965,65.0,-0.276921145158608,0.046921945919922076,P2_high_response,F3_Longitudinal
27.0,31,116,3,0.05084745762711865,0.15603954895964034,-0.12464101985211534,0.9983902615056546,0.32586262884078415,62.186440677966104,65.0,-0.2922437562193969,0.0429617165151662,P2_high_response,F3_Longitudinal
28.0,32,116,3,0.04918032786885246,0.1617941664658371,-0.1343510556615505,0.9992284486337614,0.30396848627565876,62.31147540983606,65.0,-0.30552605576622094,0.036823944443119955,P2_high_response,F3_Longitudinal
29.0,33,116,3,0.047619047619047616,0.1676066229646362,-0.14414768143991488,0.9996491339317073,0.2841119687083899,62.26984126984127,65.0,-0.3195937763764253,0.03129841349659554,P2_high_response,F3_Longitudinal
30.0,34,116,3,0.046153846153846156,0.1734777890048108,-0.15404781765956166,0.9998489795594647,0.2660504633971686,62.815384615384616,71.0,-0.33379340872350305,0.02569777340437973,P2_high_response,F3_Longitudinal
31.0,35,116,4,0.06060606060606061,0.17940855373359796,-0.14477666525537797,0.9995201391974889,0.3378103180969508,63.06060606060606,71.0,-0.33005130541960953,0.040497974908853596,P2_high_response,F3_Longitudinal
32.0,37,116,4,0.05714285714285714,0.1914525310230104,-0.16611229276382236,0.999920150780695,0.29847010555315784,61.47142857142857,65.0,-0.35996964447538893,0.027745058947744178,P2_high_response,F3_Longitudinal
33.0,38,116,4,0.05555555555555555,0.19756761825294814,-0.1769769838901623,0.9999704617434763,0.2811976782775562,61.375,65.0,-0.37410279389973056,0.02014882611940591,P2_high_response,F3_Longitudinal
34.0,39,116,6,0.08333333333333333,0.20374605437274682,-0.15122401804182928,0.999509000310303,0.40900587542607175,61.375,65.0,-0.35269685680623786,0.05024882072257933,P2_high_response,F3_Longitudinal
35.0,40,116,7,0.0958904109589041,0.209988827489063,-0.14442633281693154,0.9990172165328456,0.45664529920716107,61.45205479452055,65.0,-0.3518520353355865,0.0629993697017234,P2_high_response,F3_Longitudinal
36.0,41,116,8,0.10810810810810811,0.21629694688148132,-0.13804825481139463,0.9982256202750531,0.49981338001661824,60.810810810810814,65.0,-0.35248330329321187,0.07638679367042264,P2_high_response,F3_Longitudinal
37.0,42,116,9,0.12,0.22267144351941764,-0.13208242854767988,0.9970546277628258,0.538910594476546,60.21333333333333,65.0,-0.35389608128037653,0.08973122418501675,P2_high_response,F3_Longitudinal
38.0,44,116,10,0.1282051282051282,0.2356238041208879,-0.1405311631823085,0.9980648851278928,0.5441094064475419,59.44871794871795,62.5,-0.37563771433506116,0.09457538797044418,P2_high_response,F3_Longitudinal
39.0,45,116,10,0.125,0.24220384344566154,-0.1546640774460794,0.9992469952941355,0.5160942048718717,58.7625,61.0,-0.39316941553445717,0.08384126064229833,P2_high_response,F3_Longitudinal
40.0,46,116,11,0.13580246913580246,0.2488546119325879,-0.15050633950858988,0.9988691490987197,0.5457100757794673,58.48148148148148,61.0,-0.3906799801396947,0.08966730112251492,P2_high_response,F3_Longitudinal
41.0,47,116,11,0.13253012048192772,0.25557725755641636,-0.1652920176385044,0.9995949943056951,0.5185520877289831,57.86746987951807,60.0,-0.40685132495407034,0.07626728967706153,P2_high_response,F3_Longitudinal
42.0,48,116,12,0.14285714285714285,0.26237295356600143,-0.16202742468114287,0.9994198182788254,0.5444812085831335,57.666666666666664,59.5,-0.40320273441841314,0.07914788505612741,P2_high_response,F3_Longitudinal
43.0,49,116,13,0.15294117647058825,0.26924289916412625,-0.15915236753841558,0.999209226040888,0.568041634321274,57.129411764705885,59.0,-0.398926598098569,0.08062186302173782,P2_high_response,F3_Longitudinal
44.0,51,116,14,0.1590909090909091,0.2832104699601669,-0.1731603987886937,0.9996660355326601,0.5617409169699304,56.52272727272727,58.5,-0.4133035540216624,0.06698275644427501,P2_high_response,F3_Longitudinal
45.0,52,116,14,0.15555555555555556,0.2903106298033973,-0.18987895254864956,0.999904476947705,0.5358245258222205,56.2,57.5,-0.4303410686351884,0.0505831635378893,P2_high_response,F3_Longitudinal
46.0,53,116,14,0.15217391304347827,0.29749011006571185,-0.20685288435701066,0.9999761331437165,0.5115259563078078,55.72826086956522,57.0,-0.44909017705686965,0.03538440834284834,P2_high_response,F3_Longitudinal
47.0,54,116,14,0.14893617021276595,0.30475025081111756,-0.22411238663535382,0.9999948570910442,0.48871549675959325,55.159574468085104,57.0,-0.4670811634290971,0.01885639015838947,P2_high_response,F3_Longitudinal
48.0,55,116,15,0.15789473684210525,0.31209242268422144,-0.22415465525731948,0.9999939018713204,0.5059230066660891,54.94736842105263,57.0,-0.468089869036253,0.019780558521614033,P2_high_response,F3_Longitudinal
49.0,56,116,15,0.15463917525773196,0.3195180277806926,-0.24229716473638346,0.9999989201070287,0.48397637007158656,54.2680412371134,57.0,-0.4852075523402023,0.0006132228674353979,P2_high_response,F3_Longitudinal
50.0,58,116,17,0.1717171717171717,0.33462530872342733,-0.2448366899764459,0.9999987962428418,0.5131625350522977,54.101010101010104,57.0,-0.48791664304131155,-0.0017567369115802645,P2_high_response,F3_Longitudinal
1.0,1,116,0,0.0,0.008620689655172414,-0.008695652173913044,1.0,0.0,44.5,44.5,-0.008695652178319413,-0.008695652169506674,P2_high_response,F4_KelvinOp
2.0,2,116,0,0.0,0.011544227886056972,-0.011679053541635068,1.0,0.0,56.75,48.5,-0.011679053546041438,-0.011679053537228699,P2_high_response,F4_KelvinOp
3.0,3,116,0,0.0,0.0156525684526158,-0.015901467257358637,1.0,0.0,58.5,48.5,-0.015901467261765008,-0.015901467252952266,P2_high_response,F4_KelvinOp
4.0,4,116,0,0.0,0.019963255447264724,-0.02036990506552432,1.0,0.0,67.25,69.5,-0.02036990506993069,-0.020369905061117948,P2_high_response,F4_KelvinOp
5.0,5,116,0,0.0,0.02436754325018037,-0.024976150682150703,1.0,0.0,62.55,58.25,-0.024976150686557074,-0.024976150677744332,P2_high_response,F4_KelvinOp
6.0,6,116,0,0.0,0.028836156147984713,-0.029692369964690254,1.0,0.0,62.0,59.25,-0.03891555177903064,-0.02046918815034987,P2_high_response,F4_KelvinOp
7.0,8,116,0,0.0,0.037928750264198154,-0.039424055416492194,1.0,0.0,59.6875,59.25,-0.05986579976297757,-0.018982311070006818,P2_high_response,F4_KelvinOp
8.0,9,116,0,0.0,0.04254563521284999,-0.04443620163798433,1.0,0.0,57.27777777777778,57.5,-0.08582795589048017,-0.00304444738548848,P2_high_response,F4_KelvinOp
9.0,10,116,0,0.0,0.04720773377516669,-0.04954672224850631,1.0,0.0,59.8,59.25,-0.11035792735620256,0.01126448285918994,P2_high_response,F4_KelvinOp
10.0,11,116,0,0.0,0.05191459712376025,-0.054757300308880534,1.0,0.0,58.18181818181818,57.5,-0.13328323049970178,0.023768629881940707,P2_high_response,F4_KelvinOp
11.0,12,116,0,0.0,0.0566661396467397,-0.060070079139870294,1.0,0.0,60.458333333333336,59.25,-0.15644008633440398,0.03629992805466338,P2_high_response,F4_KelvinOp
12.0,13,116,0,0.0,0.06146249802367528,-0.06548752489298582,1.0,0.0,63.38461538461539,60.0,-0.1768190876814113,0.045844037895439685,P2_high_response,F4_KelvinOp
13.0,15,116,0,0.0,0.07119088389759957,-0.07664748618784104,1.0,0.0,64.63333333333334,60.75,-0.20546154640532785,0.05216657402964578,P2_high_response,F4_KelvinOp
14.0,16,116,1,0.03225806451612903,0.07612374023129735,-0.04748003344749904,0.9225492609023733,0.42375827065400185,65.58064516129032,61.0,-0.18261769182871732,0.08765762493371923,P2_high_response,F4_KelvinOp
15.0,17,116,1,0.030303030303030304,0.08110302450731748,-0.05528366678652944,0.9460013447011346,0.37363625446910714,65.36363636363636,61.0,-0.1910558958444128,0.08048856227135393,P2_high_response,F4_KelvinOp
16.0,18,116,1,0.02857142857142857,0.08612928048010599,-0.06298248830963277,0.9634058699627523,0.33172724086587435,63.25714285714286,60.5,-0.19863707015185708,0.07267209353259155,P2_high_response,F4_KelvinOp
17.0,19,116,1,0.02702702702702703,0.09120308551695765,-0.07061650129659205,0.9759188981845685,0.2963389546947051,64.83783783783784,61.0,-0.20425969666132937,0.06302669406814526,P2_high_response,F4_KelvinOp
18.0,20,116,1,0.02564102564102564,0.09632504537380861,-0.07821841179832374,0.984628430491712,0.2661927180155536,63.87179487179487,61.0,-0.20817113964119816,0.05173431604455066,P2_high_response,F4_KelvinOp
19.0,22,116,1,0.023255813953488372,0.10671597399417844,-0.09343070917082105,0.9943094011455749,0.21792251977906346,63.93023255813954,61.0,-0.21758044886619998,0.030719030524557878,P2_high_response,F4_KelvinOp
20.0,23,116,1,0.022222222222222223,0.11198626893182467,-0.10108407513206687,0.9967077476976209,0.19843702655859294,63.0,61.0,-0.22568153883081743,0.023513388566683696,P2_high_response,F4_KelvinOp
21.0,24,116,1,0.02127659574468085,0.11730736807699924,-0.10879299187431686,0.9981614546629101,0.18137476011494122,62.723404255319146,61.0,-0.23505792279549992,0.01747193904686621,P2_high_response,F4_KelvinOp
22.0,25,116,1,0.02040816326530612,0.12267998259272765,-0.11657299195071777,0.9990103482330126,0.16635283796099834,61.183673469387756,60.5,-0.24714742597169573,0.01400144207026019,P2_high_response,F4_KelvinOp
23.0,26,116,1,0.0196078431372549,0.12810484158849,-0.12443812470401122,0.9994873075618432,0.15306090616185292,60.745098039215684,60.5,-0.2635954736725178,0.014719224264495345,P2_high_response,F4_KelvinOp
24.0,27,116,1,0.018867924528301886,0.13358269178601007,-0.1324012876591515,0.9997447930974509,0.14124527868121534,60.81132075471698,60.5,-0.2817882790168178,0.016985703698514792,P2_high_response,F4_KelvinOp
25.0,29,116,1,0.017543859649122806,0.1447004398129186,-0.1486690582840737,0.9999442978644932,0.12124261454771695,61.91228070175438,61.0,-0.3201983393965192,0.022860222828371773,P2_high_response,F4_KelvinOp
26.0,30,116,2,0.034482758620689655,0.15034191817103798,-0.1363597452059204,0.9995915176729507,0.2293622366947587,62.172413793103445,63.5,-0.31955539571369673,0.04683590530185591,P2_high_response,F4_KelvinOp
27.0,31,116,2,0.03333333333333333,0.15603954895964034,-0.14539332438510083,0.9998128365586431,0.21362105668451403,61.5,63.5,-0.33719134001863027,0.04640469124842858,P2_high_response,F4_KelvinOp
28.0,32,116,3,0.04918032786885246,0.1617941664658371,-0.1343510556615505,0.9992284486337614,0.30396848627565876,61.65573770491803,66.0,-0.33091882915994325,0.06221671783684224,P2_high_response,F4_KelvinOp
29.0,33,116,4,0.06451612903225806,0.1676066229646362,-0.12384828709178736,0.9977322875322804,0.3849258930887863,61.67741935483871,64.5,-0.3247890834774762,0.07709250929390149,P2_high_response,F4_KelvinOp
30.0,34,116,6,0.0967741935483871,0.1734777890048108,-0.09280282421456933,0.9801901796426208,0.5578477458327729,61.67741935483871,64.5,-0.2967680068831521,0.11116235845401341,P2_high_response,F4_KelvinOp
31.0,35,116,6,0.09375,0.17940855373359796,-0.10438635952560152,0.9893023543998425,0.5225503358062207,61.234375,64.5,-0.312650257327204,0.10387753827600096,P2_high_response,F4_KelvinOp
32.0,37,116,7,0.1044776119402985,0.1914525310230104,-0.10756934183809451,0.9899981234642441,0.5457102676158483,60.40298507462686,63.0,-0.32529875206858005,0.11016006839239105,P2_high_response,F4_KelvinOp
33.0,38,116,8,0.11764705882352941,0.19756761825294814,-0.099597874222643,0.9833297234096033,0.595477436352472,60.0,62.0,-0.3209276076333027,0.12173185918801667,P2_high_response,F4_KelvinOp
34.0,39,116,9,0.13043478260869565,0.20374605437274682,-0.09207021474323726,0.9742967312155122,0.6401831093625471,60.231884057971016,63.0,-0.3194853124397099,0.13534488295323538,P2_high_response,F4_KelvinOp
35.0,40,116,9,0.1267605633802817,0.209988827489063,-0.10535074313474863,0.986580213666645,0.6036538462356235,60.29577464788732,63.0,-0.3362794603856316,0.12557797411613436,P2_high_response,F4_KelvinOp
36.0,41,116,9,0.1232876712328767,0.21629694688148132,-0.11867923096445931,0.9934732155988061,0.5699926559778556,60.04109589041096,61.0,-0.35350775508385207,0.11614929315493344,P2_high_response,F4_KelvinOp
37.0,42,116,10,0.13513513513513514,0.22267144351941764,-0.11261172338838316,0.9900996419326276,0.6068813000862004,59.28378378378378,61.0,-0.3534433819487333,0.128219935171967,P2_high_response,F4_KelvinOp
38.0,44,116,12,0.15789473684210525,0.2356238041208879,-0.10168954462192029,0.9806246655192182,0.67011369004592,58.75,61.0,-0.3513269224411581,0.14794783319731752,P2_high_response,F4_KelvinOp
39.0,45,116,12,0.15384615384615385,0.24220384344566154,-0.1165982287390658,0.9907607616080296,0.6351928675346115,58.166666666666664,61.0,-0.3707457263653954,0.13754926888726374,P2_high_response,F4_KelvinOp
40.0,46,116,13,0.16455696202531644,0.2488546119325879,-0.11222547757919016,0.9877175593300225,0.661257433596984,58.29113924050633,61.0,-0.37043963564241916,0.14598868048403885,P2_high_response,F4_KelvinOp
41.0,47,116,14,0.175,0.25557725755641636,-0.10824126260828597,0.9842764648036527,0.6847244612966799,58.2625,61.0,-0.36899735932445304,0.15251483410788108,P2_high_response,F4_KelvinOp
42.0,48,116,15,0.18518518518518517,0.26237295356600143,-0.10464335432651854,0.9805279428300763,0.7058089740892473,58.382716049382715,61.0,-0.3673165933582047,0.1580298847051676,P2_high_response,F4_KelvinOp
43.0,49,116,15,0.18072289156626506,0.26924289916412625,-0.12113465267269782,0.9912401855552978,0.6712262129375572,57.975903614457835,61.0,-0.38442548588931624,0.14215618054392062,P2_high_response,F4_KelvinOp
44.0,51,116,15,0.1724137931034483,0.2832104699601669,-0.1545735145581179,0.9987081140486115,0.608783259770368,57.18390804597701,60.5,-0.4180986142392249,0.10895158512298908,P2_high_response,F4_KelvinOp
45.0,52,116,15,0.16853932584269662,0.2903106298033973,-0.17158394795594414,0.9995835069124959,0.5805482422632405,56.247191011235955,59.5,-0.43324978702177186,0.09008189110988354,P2_high_response,F4_KelvinOp
46.0,53,116,15,0.16483516483516483,0.29749011006571185,-0.18883000386365437,0.9998820654657544,0.5540862007101843,55.879120879120876,59.0,-0.4497206914581423,0.07206068373083355,P2_high_response,F4_KelvinOp
47.0,54,116,16,0.17391304347826086,0.30475025081111756,-0.1881873492014902,0.9998604362989849,0.570673996216171,55.869565217391305,59.0,-0.44647650617547596,0.07010180777249556,P2_high_response,F4_KelvinOp
48.0,55,116,17,0.1827956989247312,0.31209242268422144,-0.18795653373089333,0.9998412941487897,0.5857101475023182,55.774193548387096,59.0,-0.44564350147953463,0.06973043401774798,P2_high_response,F4_KelvinOp
49.0,56,116,18,0.19148936170212766,0.3195180277806926,-0.1881440968392085,0.9998262555522728,0.599306909322688,55.5,57.5,-0.4442113812861185,0.06792318760770147,P2_high_response,F4_KelvinOp
50.0,58,116,20,0.20833333333333334,0.33462530872342733,-0.1898057997183408,0.9998133451884552,0.6225868991443319,54.96875,56.0,-0.4407967864151956,0.06118518697851397,P2_high_response,F4_KelvinOp
